#{"t_start": 1777878463.0504386, "env_id": "None"}
r,l,t
-220.95036,17,1.44327
-292.21558,20,1.475284
-191.42867,26,1.510291
-198.42032,22,1.558821
-218.19339,47,1.598842
-789.9353,52,1.631358
-157.2482,27,1.65891
-394.0322,56,1.695411
-243.34738,26,1.735921
-297.65927,67,1.767685
-504.76495,74,1.802192
-194.18846,56,1.834704
-393.82755,24,1.863712
-293.50412,37,1.902735
-350.93127,45,1.949763
-249.61281,32,1.986804
-525.4612,36,2.024315
-406.4057,46,2.060833
-188.8245,30,2.102508
-246.57477,72,2.13054
-173.57358,45,2.165099
-319.57523,80,2.200114
-200.24739,33,2.240131
-643.3355,113,2.285647
-569.5721,23,2.311651
-193.81389,19,2.345165
-467.43625,64,2.379177
-421.49332,47,2.417189
-324.43863,22,2.449213
-653.8401,56,2.477238
-469.6067,58,2.506254
-1291.1898,123,2.554771
-469.58047,43,2.590601
-322.5641,25,2.623617
-438.42926,67,2.701213
-397.10175,50,2.701213
-341.06018,46,2.748738
-525.1054,41,2.787754
-400.1631,47,2.818778
-618.42883,96,2.864143
-336.68274,19,2.91117
-285.64514,88,2.946674
-381.15857,42,2.9802
-198.58154,45,3.013202
-472.36227,103,3.05222
-173.21332,34,3.05222
-237.31216,42,3.091851
-344.63867,19,3.139411
-287.0153,20,3.190951
-382.96335,28,3.242474
-316.60535,37,3.242474
-174.81813,35,3.276504
-387.3818,28,3.306679
-353.69855,76,3.370196
-287.15082,23,3.370196
-187.40378,18,3.370196
-506.38614,64,3.415715
-207.088,31,3.455544
-487.52856,81,3.486564
-402.1636,37,3.517079
-322.4558,52,3.548589
-229.51932,18,3.589102
-180.57486,21,3.630124
-154.48413,41,3.670655
-229.20549,38,3.719178
-231.78624,32,3.719178
-356.36713,51,3.75573
-337.97745,56,3.789737
-396.44708,20,3.836759
-261.83868,22,3.873767
-428.5554,43,3.913309
-524.49365,31,3.955319
-389.16382,18,3.986343
-146.82413,40,4.020353
-648.59045,77,4.020353
-222.63612,26,4.071376
-492.58997,84,4.113391
-203.5514,36,4.113391
-476.02448,23,4.148419
-194.44255,26,4.180929
-295.41522,85,4.219947
-253.1575,28,4.26548
-153.72758,51,4.299998
-184.11182,29,4.331012
-507.59946,50,4.375029
-269.1741,18,4.402035
-227.53725,31,4.431299
-594.10284,71,4.45931
-478.72202,47,4.493325
-212.6583,26,4.526343
-154.03806,64,4.560362
-172.44548,19,4.610901
-364.96826,35,4.64242
-412.21072,44,4.682938
-311.08112,48,4.717462
-276.95447,51,4.75048
-140.65771,69,4.783519
-422.69394,42,4.816035
-228.94827,27,4.87406
-473.17548,36,4.87406
-566.09644,68,4.912086
-252.67809,38,4.912086
-813.97833,37,4.963612
-177.12288,35,4.963612
-204.6886,18,4.998623
-192.32205,37,5.031636
-311.01202,40,5.059148
-202.12698,26,5.101672
-273.0188,19,5.144708
-345.63846,34,5.186225
-504.6927,32,5.225253
-416.19135,53,5.256773
-200.72499,40,5.297785
-208.44144,31,5.346321
-303.2887,18,5.388341
-322.30356,74,5.416875
-406.59692,70,5.455389
-304.9284,44,5.492904
-366.58057,65,5.527484
-347.50555,21,5.56251
-141.89116,33,5.618539
-148.61606,61,5.651546
-304.45868,35,5.685571
-160.22017,25,5.71809
-267.44153,31,5.748109
-227.86182,22,5.803632
-357.9182,78,5.846158
-353.64877,41,5.883171
-347.38297,36,5.883171
-279.27228,45,5.914696
-271.86096,35,5.94071
-194.7684,18,5.983236
-320.91318,36,6.024752
-1076.7507,138,6.060266
-380.7809,48,6.100377
-138.14305,53,6.129889
-397.88828,68,6.161906
-154.05249,60,6.195468
-261.3381,30,6.237994
-562.4517,48,6.237994
-1028.1085,128,6.268508
-299.11768,16,6.312025
-193.63708,53,6.312025
-277.24567,34,6.355049
-258.97714,43,6.386062
-323.90848,49,6.413574
-184.42284,39,6.449587
-379.45953,27,6.496223
-185.8241,68,6.496223
-310.04425,42,6.535245
-229.57655,27,6.535245
-180.72092,47,6.568255
-328.98978,34,6.603799
-288.8556,28,6.634316
-193.7818,30,6.675832
-362.5656,30,6.707349
-229.9656,27,6.738861
-217.23213,31,6.775868
-165.79895,41,6.806378
-232.06018,49,6.840892
-613.6807,108,6.882417
-375.83575,51,6.91193
-368.41556,45,6.966594
-299.2661,42,6.998111
-244.82912,41,7.031619
-403.71027,62,7.069144
-162.80656,76,7.108161
-143.22829,48,7.134174
-420.4785,51,7.168187
-418.42935,18,7.212202
-231.63756,40,7.244248
-435.7546,81,7.274257
-206.65573,24,7.304772
-441.54846,55,7.346787
-202.04463,22,7.383801
-271.73148,32,7.415364
-348.031,64,7.445375
-355.48163,36,7.471884
-387.72696,47,7.51091
-345.33826,18,7.51141
-411.79022,62,7.539378
-202.13173,31,7.586557
-377.70828,58,7.627575
-463.50125,45,7.655578
-423.12173,57,7.69512
-419.90796,23,7.728139
-377.51892,47,7.760658
-544.5073,136,7.795694
-162.89493,57,7.826224
-411.4109,55,7.856231
-452.26218,20,7.886744
-274.22144,35,7.919975
-309.59473,24,7.960823
-364.15738,17,7.990837
-279.91217,37,8.020846
-203.64526,33,8.058857
-344.68002,43,8.058857
-334.51797,21,8.093876
-207.6866,34,8.143913
-531.41223,72,8.187932
-439.2243,46,8.236339
-713.9471,113,8.268849
-397.9204,78,8.30587
-240.11607,39,8.345383
-220.12456,56,8.375391
-268.37073,32,8.40441
-556.4776,91,8.433921
-257.6512,20,8.472442
-224.71898,19,8.500447
-191.89171,50,8.535461
-827.3254,50,8.571968
-588.102,119,8.602482
-313.58008,37,8.639487
-191.19202,33,8.673016
-298.2353,39,8.716537
-406.09818,65,8.74905
-421.07004,34,8.775065
-365.03958,24,8.804573
-175.62332,39,8.83409
-143.05197,35,8.866111
-559.14825,74,8.911216
-282.81787,30,8.951232
-391.97015,30,8.982749
-194.69754,25,9.01376
-260.84082,35,9.045271
-448.9658,43,9.076294
-447.11923,49,9.107307
-376.5437,23,9.13683
-212.14482,30,9.194865
-466.0393,48,9.221875
-373.26663,35,9.248381
-650.67584,50,9.288394
-231.11267,64,9.322407
-394.78088,70,9.357419
-367.76532,43,9.402939
-303.8811,41,9.431455
-301.0464,33,9.46247
-346.3541,25,9.493977
-765.1381,105,9.538994
-672.4706,85,9.585508
-333.33472,49,9.617026
-390.9544,43,9.651045
-217.54544,49,9.685062
-221.50595,54,9.685062
-240.15556,39,9.727592
-322.61624,23,9.758106
-311.16467,43,9.810119
-208.61365,30,9.845646
-149.45296,44,9.872649
-180.67914,34,9.908675
-346.4425,21,9.953192
-509.04907,63,9.978795
-444.78534,30,10.013403
-277.9184,35,10.056917
-770.99384,77,10.056917
-734.2665,164,10.096457
-214.9308,31,10.129971
-489.5943,43,10.166991
-343.5248,55,10.206011
-229.68726,29,10.234515
-366.3592,50,10.274148
-192.1519,22,10.301657
-593.3658,87,10.333186
-283.74908,18,10.373197
-651.9408,53,10.40421
-173.197,39,10.452751
-314.58597,46,10.483761
-741.2531,101,10.516778
-191.1727,61,10.544284
-463.8701,30,10.575812
-596.8263,66,10.608815
-211.56427,17,10.647333
-296.7615,45,10.675838
-179.2981,22,10.711879
-199.69077,28,10.755905
-493.076,32,10.786916
-357.5011,26,10.823439
-295.67554,30,10.854455
-356.04352,41,10.887479
-173.2658,40,10.917978
-165.1516,32,10.953048
-8815.597,575,10.953547
-332.27325,22,10.991585
-198.25732,21,11.021092
-272.46896,23,11.055108
-190.69382,32,11.088145
-241.87585,20,11.121148
-634.5118,62,11.157175
-477.55988,39,11.190802
-225.03394,29,11.226312
-487.54205,63,11.257329
-158.51321,44,11.290835
-247.6872,19,11.325853
-200.8143,96,11.359867
-146.68663,47,11.400387
-352.7692,20,11.446912
-335.0123,38,11.476422
-550.6197,58,11.507433
-227.74937,69,11.54245
-281.26025,67,11.574456
-137.99707,64,11.601466
-223.77592,35,11.650985
-648.2011,118,11.678
-306.4511,27,11.704011
-1096.8872,49,11.741024
-159.7197,53,11.769536
-133.15097,49,11.816126
-214.13074,34,11.850136
-291.18372,54,11.883659
-353.03192,42,11.922667
-460.42264,47,11.956186
-267.67877,35,11.986707
-460.09778,40,12.020716
-389.68692,18,12.049724
-198.09164,23,12.079756
-239.01562,17,12.119276
-192.47636,29,12.147295
-288.1029,44,12.196816
-244.63266,47,12.227334
-171.5372,41,12.255848
-459.01984,74,12.289364
-218.7034,50,12.322907
-291.85077,21,12.35742
-448.44574,47,12.384427
-343.8179,20,12.42644
-520.9428,67,12.465456
-260.91855,49,12.465456
-422.08932,44,12.465456
-383.94223,34,12.509469
-455.36807,57,12.545985
-337.30798,58,12.576998
-214.19267,29,12.61251
-339.66565,33,12.652019
-325.50983,33,12.652019
-186.5249,40,12.684034
-214.24178,21,12.71654
-237.56204,20,12.755056
-296.88644,22,12.79007
-269.13995,26,12.823678
-169.09798,47,12.823678
-159.40314,35,12.855183
-664.5184,36,12.888196
-328.51797,23,12.925216
-582.5647,22,12.95723
-352.7741,30,12.992641
-298.77325,28,13.024329
-284.85727,33,13.052382
-449.7342,53,19.183888
-286.7213,37,19.183888
-145.04897,29,19.226417
-284.61008,21,19.255439
-230.66664,25,19.291449
-262.21176,36,19.330962
-325.30743,37,19.35647
-337.25708,42,19.389985
-450.04202,61,19.422024
-176.79207,39,19.464539
-213.00165,22,19.502058
-184.89325,27,19.539073
-264.53738,51,19.577085
-210.75047,43,19.614215
-115.20714,46,19.64226
-200.8406,35,19.685273
-370.4954,47,19.715284
-253.9404,39,19.754301
-341.10876,98,19.791315
-172.28992,33,19.817826
-260.94937,48,19.866838
-177.87393,29,19.900861
-197.71469,42,19.932361
-241.21571,32,19.962882
-182.09169,42,20.004406
-705.50006,60,20.031422
-217.33582,29,20.071447
-278.16495,30,20.10746
-269.7206,100,20.137973
-255.69806,32,20.180985
-218.32352,61,20.2135
-192.61142,36,20.256526
-276.36337,59,20.30353
-417.25668,76,20.341547
-286.22516,41,20.341547
-185.94511,62,20.390565
-523.92523,78,20.425079
-235.4132,36,20.477157
-207.28856,38,20.505666
-403.30637,72,20.54468
-245.917,38,20.5787
-235.92097,46,20.616717
-192.94373,32,20.64324
-230.02385,78,20.673754
-244.56975,19,20.708279
-527.20355,39,20.744806
-361.0479,30,20.744806
-9458.776,705,20.788964
-177.9707,17,20.788964
-240.36005,35,20.838981
-195.11401,42,20.886003
-481.29672,49,20.939023
-248.6801,50,20.965553
-272.43314,63,20.994072
-318.8682,62,21.02408
-160.03084,72,21.062596
-222.26859,40,21.099083
-318.34695,51,21.099083
-285.8241,26,21.141621
-190.2972,25,21.14212
-308.29047,24,21.169478
-333.39896,28,21.219254
-259.74152,30,21.255776
-165.41628,43,21.292292
-234.103,53,21.337814
-269.62555,27,21.378336
-206.14565,43,21.40534
-452.37076,97,21.442399
-358.0964,91,21.47541
-410.4047,43,21.522424
-528.642,67,21.552937
-334.5467,40,21.585945
-152.55936,30,21.621462
-463.83395,54,21.657979
-302.72083,51,21.690999
-919.3322,124,21.720005
-141.12471,36,21.751018
-198.80699,19,21.788033
-245.21588,34,21.817544
-201.19716,39,21.860058
-161.22577,64,21.892075
-334.18198,37,21.925087
-197.98203,28,21.954602
-158.67813,74,21.985631
-353.89893,50,22.011118
-258.34262,20,22.058027
-187.2996,46,22.089048
-471.2699,25,22.135595
-254.42409,40,22.176608
-164.3491,30,22.217635
-153.26228,40,22.258674
-164.01263,90,22.308194
-299.37976,43,22.348723
-133.67781,104,22.388237
-238.4686,89,22.414244
-194.61989,38,22.443256
-226.7124,16,22.489289
-550.67035,67,22.520296
-178.43689,49,22.559433
-203.5012,43,22.591466
-153.79858,39,22.627983
-227.13788,22,22.661492
-281.0132,29,22.706503
-250.57278,34,22.737513
-210.65489,26,22.795532
-161.15219,52,22.831546
-155.01968,46,22.87456
-142.60889,90,22.90108
-598.0577,182,22.935087
-218.7405,35,22.97412
-209.20306,41,23.003137
-184.9711,29,23.035145
-529.94476,99,23.068657
-222.75047,37,23.101668
-227.9791,18,23.134683
-180.55893,25,23.190713
-142.44003,47,23.222724
-335.31964,47,23.260242
-297.1623,44,23.29625
-314.098,56,23.32976
-311.91718,23,23.371805
-364.20047,34,23.406812
-195.06374,26,23.441819
-228.94972,22,23.473829
-180.63824,30,23.508838
-225.84784,22,23.548351
-241.65816,27,23.588871
-336.61578,48,23.627883
-190.5547,37,23.665849
-188.78088,32,23.701382
-195.77187,53,23.739903
-233.35773,41,23.778925
-368.13013,38,23.823444
-243.57625,29,23.869473
-1954.0427,207,23.916494
-255.8738,84,23.959009
-194.60307,27,23.992528
-289.0254,78,24.022037
-358.19556,49,24.053546
-233.54129,22,24.101601
-140.61859,28,24.14011
-250.28891,35,24.169636
-693.5299,102,24.201659
-161.99542,61,24.25019
-258.14835,42,24.304229
-322.18823,29,24.340753
-216.4978,51,24.370767
-479.18698,62,24.417801
-132.93094,89,24.449319
-262.85718,35,24.50034
-340.4825,95,24.534868
-230.7159,22,24.56738
-208.42455,25,24.595918
-177.70822,40,24.629942
-201.60924,54,24.669464
-238.11723,31,24.722987
-194.66812,44,24.774501
-197.69315,44,24.814035
-302.38223,33,24.857054
-197.5149,26,24.904577
-258.3189,77,24.943237
-492.40555,78,24.943237
-508.62244,77,24.980786
-223.11205,38,25.02581
-174.67769,55,25.02631
-257.83942,35,25.063976
-208.23096,24,25.093487
-219.29384,35,25.121629
-223.9419,40,25.158541
-363.20035,38,25.204313
-177.13623,20,25.23432
-179.15094,33,25.272833
-386.8979,42,25.303342
-188.8239,35,25.357858
-368.86575,39,25.399375
-431.90433,77,25.428905
-194.4517,40,25.460422
-278.0928,24,25.500441
-165.77478,62,25.500441
-570.79553,112,25.542959
-388.78622,46,25.597986
-349.83737,51,25.634496
-218.6552,16,25.677015
-393.28317,55,25.711028
-184.77919,64,25.748044
-253.8611,56,25.778554
-224.92055,36,25.818568
-178.211,30,25.87158
-237.54236,32,25.906593
-187.0689,46,25.933602
-275.3303,27,25.963616
-214.91516,18,26.010138
-214.06435,30,26.050154
-110.49028,86,26.091118
-233.19586,46,26.132822
-172.9405,48,26.165344
-775.8753,161,26.194855
-142.86221,38,26.224365
-229.94173,22,26.258875
-303.81802,28,26.31239
-207.42163,40,26.350415
-216.63472,35,26.350415
-181.9611,71,26.388931
-260.7532,27,26.433953
-189.15605,25,26.467967
-201.26077,67,26.509991
-181.78346,42,26.554003
-349.08707,50,26.554003
-250.37794,34,26.586013
-393.12732,32,26.614529
-313.53302,21,26.646574
-202.12903,35,26.711133
-341.76196,30,26.744144
-447.28067,38,26.772661
-10756.435,930,26.803203
-189.41731,40,26.842721
-247.76437,21,26.889749
-247.95738,31,26.922771
-179.0039,25,26.958285
-184.5035,50,27.005329
-486.40466,80,27.038337
-147.84744,36,27.071856
-524.389,70,27.108868
-390.5568,47,27.143882
-374.2968,55,27.177397
-161.37337,39,27.209399
-127.139206,31,27.23841
-136.10252,41,27.273427
-160.94235,30,27.308439
-475.29016,32,27.351455
-294.22034,26,27.383471
-161.55618,31,27.41399
-442.20972,40,27.453999
-127.4219,51,27.48351
-244.30296,18,27.516025
-341.4519,38,27.545534
-223.07365,22,27.575044
-306.7902,45,27.619557
-256.81836,32,27.65808
-186.33014,38,27.694597
-286.24158,53,27.740112
-258.27225,66,27.778628
-170.24242,54,27.816647
-193.14505,52,27.851666
-222.66019,29,27.887189
-422.6284,47,27.887189
-164.51392,46,27.947208
-174.47987,35,27.983258
-357.01205,46,28.014473
-258.87613,49,28.054206
-274.2626,61,28.087716
-172.00838,34,28.131592
-124.5791,57,28.173777
-178.80208,30,28.218294
-323.03134,47,28.249337
-307.66446,22,28.277852
-193.09581,71,28.309882
-188.98888,30,28.361905
-207.29108,39,28.406421
-234.53731,42,28.433435
-210.7068,41,28.462456
-225.18982,36,28.510981
-681.4431,116,28.510981
-474.2973,23,28.543995
-203.77644,22,28.571017
-502.54047,34,28.608534
-146.76007,36,28.664565
-5199.4175,546,28.69958
-191.62411,51,28.744096
-167.66357,56,28.776608
-174.05388,75,28.822633
-173.33435,35,28.850651
-322.54736,72,35.113957
-137.213,53,35.144475
-411.67426,42,35.184108
-242.74449,52,35.218133
-614.7452,50,35.273741
-270.17026,64,35.310249
-156.9929,51,35.338762
-174.27467,71,35.380794
-181.52399,72,35.443393
-152.35689,74,35.481407
-168.53667,44,35.508421
-226.0355,54,35.54143
-156.28065,44,35.571971
-282.938,20,35.601483
-789.6661,62,35.637002
-131.79327,28,35.674526
-18859.09,2043,35.712029
-242.03177,36,35.748307
-207.04736,50,35.777438
-234.2312,44,35.819955
-272.96967,64,35.856965
-192.1167,76,35.900982
-374.86743,43,35.933492
-277.28442,31,35.967022
-221.02351,43,36.018051
-229.74777,24,36.047564
-245.1793,75,36.090687
-172.1737,49,36.128211
-239.03018,21,36.154721
-271.83917,104,36.189395
-141.46829,60,36.231408
-220.21085,37,36.276428
-167.8268,37,36.302944
-374.31143,51,36.332454
-213.28807,36,36.371464
-150.59122,50,36.398481
-135.52518,91,36.4435
-294.85822,40,36.483513
-175.30159,24,36.512023
-204.06259,38,36.537532
-121.43465,46,36.565546
-167.0911,30,36.592551
-213.3837,18,36.634574
-208.1,29,36.663588
-220.33073,21,36.691606
-221.37213,27,36.721609
-312.87143,27,36.777643
-247.22772,30,36.807653
-151.35408,51,36.845182
-239.11024,65,36.890212
-153.87582,31,36.92741
-670.5418,63,36.962927
-147.30847,40,36.991952
-155.00444,76,37.02646
-284.79242,44,37.057976
-252.92793,36,37.094007
-170.0687,41,37.138542
-335.8564,29,37.16556
-217.0927,47,37.206578
-138.79176,36,37.256598
-547.06085,74,37.291108
-160.48547,59,37.328157
-144.69661,30,37.328157
-189.37045,69,37.381177
-249.45218,41,37.420226
-214.40848,34,37.451733
-307.62405,44,37.48827
-273.4822,44,37.551369
-190.71149,43,37.591879
-366.63895,56,37.631896
-339.8204,95,37.676936
-176.88828,55,37.677436
-345.39917,36,37.715954
-229.48157,41,37.755969
-179.99532,35,37.789987
-199.14737,41,37.836004
-155.39417,47,37.875015
-195.62683,32,37.921539
-151.06436,52,37.953048
-280.6739,37,38.001575
-196.05019,55,38.001575
-160.36449,27,38.036085
-143.7969,42,38.067613
-174.83513,18,38.107128
-183.84816,46,38.151653
-281.29156,32,38.211184
-301.54495,42,38.241697
-216.86314,28,38.274211
-403.00195,54,38.30722
-338.0885,74,38.347244
-195.25162,26,38.386254
-234.68997,36,38.419779
-2676.5413,327,38.419779
-209.0099,40,38.467312
-310.29797,38,38.510834
-253.01514,31,38.541871
-143.18138,63,38.571406
-175.1292,28,38.628433
-169.66673,40,38.65794
-129.08559,63,38.692461
-336.72256,69,38.726471
-211.00446,52,38.776031
-134.67169,35,38.822059
-154.24121,58,38.878081
-246.83527,52,38.909014
-163.18298,48,38.952527
-476.33932,105,38.987549
-414.4272,61,39.031559
-217.79466,42,39.05907
-187.92259,87,39.092092
-287.29163,34,39.12711
-241.86258,39,39.165632
-148.31932,61,39.192642
-204.62912,31,39.227656
-228.21506,44,39.273174
-124.03153,33,39.309427
-149.78638,45,39.341086
-304.41885,31,39.376096
-175.1448,52,39.412134
-215.40305,77,39.438664
-297.37585,22,39.469178
-416.38474,28,39.506191
-238.5755,37,39.567718
-201.56259,37,39.599231
-145.68005,70,39.628245
-132.6511,60,39.663259
-191.97337,53,39.702276
-242.92177,42,39.76229
-242.3461,49,39.791302
-170.62027,63,39.832831
-244.177,46,39.863346
-132.33414,72,39.892856
-233.74713,36,39.94188
-323.8686,37,39.971444
-705.3178,128,40.000965
-207.95525,28,40.038482
-180.65234,37,40.065692
-206.47205,37,40.096846
-12838.085,1442,40.132379
-220.31668,21,40.1634
-229.17545,23,40.209909
-177.34833,38,40.245933
-166.12875,32,40.286465
-354.3692,41,40.318475
-125.4868,70,40.367035
-155.53503,51,40.401045
-153.70712,53,40.45206
-308.3305,79,40.495578
-309.3406,31,40.523511
-246.65437,40,40.558533
-136.41881,65,40.592543
-292.46106,27,40.631562
-206.9142,24,40.671074
-163.94794,38,40.703088
-149.35997,56,40.736609
-247.7275,26,40.793126
-190.80008,41,40.828642
-171.26678,29,40.860652
-354.1587,79,40.912674
-176.54294,39,40.968222
-265.95877,73,41.008254
-360.26166,50,41.039768
-140.31339,48,41.087292
-201.13292,31,41.120295
-1926.4874,205,41.153301
-197.3888,26,41.180819
-195.94073,32,41.239855
-219.25893,26,41.272859
-810.99817,110,41.309382
-144.43546,41,41.340765
-189.76117,65,41.36928
-190.0362,19,41.407792
-169.23198,54,41.445321
-163.86205,25,41.481329
-154.7641,49,41.535354
-183.54442,32,41.568373
-281.26752,27,41.597885
-198.01619,66,41.635895
-303.63425,59,41.676412
-275.96152,34,41.720937
-187.92094,99,41.753956
-157.56789,34,41.791477
-149.47983,45,41.821985
-215.09108,44,41.850006
-130.88007,47,41.903529
-200.39693,38,41.941047
-228.37839,46,41.984082
-198.3476,60,42.011595
-142.9312,50,42.040606
-202.26044,36,42.075684
-222.15796,57,42.105717
-227.11555,35,42.140235
-420.78568,32,42.185751
-189.27205,30,42.214261
-223.7942,29,42.254285
-166.8983,44,42.281287
-171.71169,37,42.311798
-173.77788,25,42.353317
-167.7838,45,42.385327
-173.37808,25,42.41534
-200.55722,29,42.448352
-257.1669,47,42.499366
-164.16306,43,42.547889
-230.7455,48,42.581453
-213.49348,38,42.581453
-426.2262,79,42.612964
-128.30557,75,42.66799
-284.83463,27,42.697998
-206.37682,49,42.738519
-204.54697,33,42.769029
-368.4979,42,42.810542
-224.97516,53,42.857065
-342.6208,17,42.897095
-187.2909,44,42.93912
-212.7669,38,42.970147
-186.58882,46,43.004164
-229.27228,37,43.057662
-216.91122,35,43.097687
-380.4845,27,43.134701
-171.77249,31,43.169204
-243.45387,38,43.203223
-186.29713,31,43.246236
-262.37796,31,43.297271
-260.40372,48,43.331284
-448.86584,115,43.362797
-168.76425,51,43.393309
-328.21805,33,43.419828
-206.70271,29,43.462349
-128.57451,75,43.49186
-224.20935,43,43.527875
-155.67775,38,43.567393
-171.35498,40,43.595904
-165.70909,50,43.627923
-147.9287,21,43.680435
-236.29099,40,43.708453
-249.5132,50,43.740964
-197.54483,34,43.773973
-495.36835,66,43.818499
-222.95523,52,43.857044
-206.2742,28,43.884557
-250.99786,36,43.932096
-193.04132,18,43.932096
-19651.021,1763,43.968121
-186.5777,23,43.999135
-198.44572,54,44.03365
-174.28636,52,44.084677
-162.87112,42,44.119702
-161.84981,35,44.119702
-301.89594,31,44.146735
-162.2293,44,44.173245
-92.21911,98,44.227271
-242.05386,18,44.227271
-259.58246,52,44.270286
-234.77075,31,44.2998
-7137.1353,820,44.330806
-210.72055,47,44.370059
-221.73624,16,44.40659
-283.39136,52,44.438606
-157.78287,39,44.47012
-152.51166,58,44.496628
-164.36829,25,44.526141
-163.02057,50,44.564169
-184.56563,30,44.61368
-235.84317,36,44.651197
-498.2248,72,44.684704
-349.72296,60,44.718219
-278.03198,43,44.747237
-163.21317,38,51.462773
-180.79005,82,51.490287
-340.80234,80,51.526293
-222.54419,39,51.553803
-283.35992,36,51.582804
-172.95372,86,51.613815
-184.54388,36,51.642824
-229.93956,25,51.694853
-148.11581,39,51.741868
-642.97955,65,51.773383
-204.05757,55,51.811432
-165.08438,49,51.84796
-268.37018,46,51.882466
-369.1379,73,51.921479
-174.01357,66,51.963005
-185.06392,23,51.999544
-242.97758,39,52.02756
-176.4789,39,52.065592
-260.413,34,52.104128
-264.5508,24,52.104128
-194.73853,64,52.136146
-125.40853,39,52.188227
-182.06653,72,52.218735
-159.89288,34,52.268086
-160.81543,34,52.268086
-165.03378,34,52.300842
-214.30283,58,52.337857
-151.616,33,52.395379
-589.66327,127,52.395379
-203.38539,67,52.439404
-182.13809,26,52.439404
-164.62537,40,52.439404
-154.61748,30,52.480416
-180.46445,36,52.513928
-217.95996,36,52.552942
-198.87828,18,52.583462
-186.74924,29,52.628491
-256.88147,37,52.656496
-154.64865,37,52.693516
-182.26427,54,52.737537
-161.43387,39,52.765542
-191.44247,22,52.795059
-197.19566,49,52.832584
-197.9387,43,52.864599
-153.50032,28,52.903622
-151.92683,50,52.937128
-246.28978,26,52.970655
-140.09409,52,53.011165
-146.65857,41,53.048226
-199.26955,33,53.082737
-184.45255,36,53.082737
-138.44049,43,53.113261
-217.67111,42,53.16482
-276.39374,46,53.191835
-193.81393,42,53.241364
-199.13017,35,53.270875
-212.50676,55,53.302886
-174.73987,38,53.337403
-216.4334,44,53.369649
-289.29288,46,53.404163
-164.46039,31,53.463716
-161.73611,29,53.463716
-160.7049,27,53.495726
-174.49353,54,53.527243
-252.21529,30,53.559758
-155.9908,59,53.594787
-388.894,40,53.62681
-191.56682,44,53.663333
-284.3687,29,53.711855
-155.68881,27,53.744861
-302.8021,19,53.779875
-190.07014,44,53.820399
-280.84106,39,53.867928
-179.74197,42,53.896443
-168.4692,47,53.92595
-334.5893,43,53.95846
-211.15459,39,53.994485
-310.25055,35,54.023992
-204.61707,43,54.055005
-208.83597,22,54.092532
-152.89131,38,54.138058
-337.76675,39,54.175587
-186.28465,49,54.175587
-249.01201,33,54.217597
-160.5838,34,54.255116
-232.86693,58,54.292141
-141.15988,30,54.328182
-170.54805,34,54.364197
-184.3868,36,54.39471
-174.51216,60,54.425222
-196.92137,24,54.456747
-173.99118,30,54.496761
-145.90608,72,54.538787
-194.22379,25,54.56933
-150.49756,28,54.607874
-245.97015,31,54.641396
-158.79176,44,54.671898
-172.48727,38,54.671898
-227.12857,65,54.70292
-270.6873,25,54.745444
-192.71605,27,54.776957
-231.70966,40,54.805978
-275.68314,33,54.843992
-181.89732,31,54.883011
-174.37538,33,54.883011
-145.25089,34,54.914034
-203.53748,44,54.95355
-210.38571,28,54.997586
-199.5963,33,55.038117
-192.00859,37,55.076135
-167.8358,59,55.105649
-146.26106,57,55.134156
-203.90092,48,55.173179
-252.24109,68,55.211189
-178.3632,17,55.243707
-220.08864,21,55.297233
-176.12311,63,55.297733
-265.6298,36,55.297733
-236.37808,36,55.335747
-182.20987,45,55.366272
-225.46402,63,55.392936
-187.28142,55,55.426951
-183.2492,49,55.473469
-217.5096,33,55.504982
-211.491,37,55.542151
-192.61093,29,55.571159
-177.00035,30,55.603672
-149.75333,44,55.635192
-159.82904,37,55.670222
-185.40479,38,55.670722
-209.24155,34,55.726227
-226.19345,38,55.75974
-184.61484,35,55.791754
-194.87851,30,55.827264
-201.62949,43,55.863279
-187.16524,25,55.900289
-176.55612,20,55.932804
-257.56348,53,55.964345
-199.52231,63,55.994855
-139.87027,71,56.021868
-224.091,38,56.050882
-180.0005,34,56.086889
-165.29124,51,56.113398
-228.20377,41,56.160429
-243.84152,27,56.188946
-294.71582,46,56.228885
-237.01097,41,56.258403
-313.13,60,56.295415
-269.2136,28,56.331432
-271.4985,50,56.331432
-230.71992,28,56.358941
-199.49057,43,56.389957
-245.7056,22,56.424978
-166.7808,54,56.455991
-197.381,35,56.492005
-198.91306,26,56.525522
-225.7368,32,56.561039
-273.11862,33,56.589073
-279.89456,47,56.627687
-179.67729,42,56.655695
-148.47778,43,56.692217
-167.60233,25,56.728754
-270.09427,31,56.765312
-148.95663,50,56.765312
-223.96652,40,56.794322
-240.80446,51,56.831844
-204.61903,32,56.865858
-279.41092,23,56.865858
-259.99112,35,56.901375
-234.77524,34,56.951407
-162.49652,53,56.995441
-182.6854,52,57.03095
-195.17493,48,57.076501
-206.52594,29,57.109523
-181.1981,51,57.140056
-143.93178,63,57.16908
-158.76523,73,57.215105
-223.6231,44,57.259126
-155.6922,37,57.294138
-214.37144,51,57.329654
-728.23254,93,57.363164
-155.40297,52,57.40018
-167.41905,52,57.432711
-150.56635,58,57.469555
-180.9944,24,57.499565
-271.51315,49,57.533083
-593.4405,51,57.574097
-194.7003,54,57.614611
-197.52658,42,57.649621
-198.94887,46,57.683134
-205.48112,38,57.720148
-193.63744,26,57.752193
-223.89713,61,57.7827
-171.43954,52,57.821718
-256.07938,27,57.861732
-157.37247,43,57.906746
-167.64246,35,57.939763
-181.48303,29,57.969784
-155.32526,78,58.004235
-243.74222,25,58.033247
-206.4437,43,58.071262
-242.82118,30,58.098782
-289.784,34,58.149295
-234.63486,34,58.180816
-236.88306,31,58.210828
-225.70822,66,58.239342
-221.30919,46,58.276853
-212.82588,47,58.307863
-166.52348,24,58.341377
-241.4678,43,58.372888
-245.86687,25,58.403898
-229.06708,47,58.437912
-167.09056,36,58.480437
-143.88733,45,58.514448
-229.90135,32,58.548469
-186.26254,43,58.585476
-168.44574,32,58.617488
-224.07213,43,58.651998
-193.31615,45,58.68598
-207.44919,27,58.71849
-197.72624,34,58.746505
-198.83235,56,58.786027
-181.89851,22,58.818037
-203.53477,17,58.846553
-164.95592,44,58.883562
-142.0892,58,58.883562
-254.45395,32,58.925591
-176.62187,59,58.967749
-155.23851,67,59.00026
-152.90163,33,59.036777
-198.54599,42,59.067299
-182.45985,32,59.107312
-153.05835,49,59.141832
-213.03781,76,59.185862
-223.03835,38,59.185862
-159.18135,35,59.213875
-137.71353,44,59.261397
-240.2929,50,59.299911
-119.569244,91,59.329468
-181.18132,31,59.367986
-174.84113,49,59.39851
-213.23479,61,59.434065
-159.07242,43,59.462578
-209.79451,47,59.498596
-173.47002,35,59.536117
-271.03235,22,59.577129
-210.45387,47,59.607149
-320.7027,30,59.639877
-206.19089,38,59.673895
-152.61974,60,59.702147
-177.99934,44,59.746167
-259.9394,31,59.799196
-204.43289,78,59.831209
-179.16591,41,59.864225
-175.81018,31,59.896741
-193.4943,64,59.928252
-131.50688,52,59.954934
-186.73157,55,59.990455
-146.65558,61,60.019965
-136.24905,42,60.075038
-236.5321,39,60.104576
-241.1385,51,60.13159
-183.07324,47,60.169147
-204.15527,40,60.200161
-188.08182,65,60.200662
-204.56439,49,60.233176
-357.36655,70,60.274692
-188.03604,27,60.274692
-198.37767,39,60.311206
-153.1517,30,60.344217
-205.77324,42,60.372726
-133.76569,35,60.406744
-166.02505,19,60.440269
-198.88803,47,60.475779
-208.15533,43,60.505294
-237.47026,27,60.549807
-176.30104,43,60.583819
-177.56438,43,60.626834
-178.69676,39,60.657354
-185.08775,51,60.686863
-152.82256,43,60.686863
-264.0448,47,60.729172
-396.4839,49,60.766186
-261.38617,42,60.794698
-177.30766,26,60.82972
-231.56729,31,60.861228
-151.54239,36,60.893741
-226.76642,43,60.92376
-274.7913,65,60.958778
-227.3666,30,61.001303
-220.40833,36,61.001303
-192.49597,42,61.032316
-271.62393,27,61.063833
-178.79634,28,61.100846
-200.56598,64,61.129359
-245.30649,59,61.160372
-256.5872,31,61.198896
-185.87146,28,61.198896
-205.67914,26,61.229921
-172.16444,31,61.27245
-121.84234,79,61.30796
-242.57661,37,61.34197
-411.05905,64,61.368483
-126.84297,40,61.404496
-167.4027,41,61.432273
-268.00375,44,61.466787
-203.60359,19,61.498799
-158.1756,22,61.53081
-177.54898,68,61.559821
-176.7489,30,61.603341
-145.36884,55,61.633358
-249.69383,38,61.665872
-237.21944,37,61.69889
-255.35342,31,61.731899
-190.59608,61,61.75842
-199.56828,38,61.788432
-241.1073,47,61.829443
-199.25023,35,61.857958
-189.80225,27,61.896472
-245.05127,35,61.896472
-195.27118,30,61.928985
-227.68625,37,61.958994
-182.9274,58,61.996528
-173.70267,42,62.025545
-215.43942,30,62.070067
-159.93414,33,62.104077
-209.86208,47,62.140173
-166.95013,57,62.181203
-146.4512,31,62.181203
-324.9218,47,62.217713
-193.264,27,62.25174
-208.14227,51,62.290755
-214.91324,31,62.316268
-171.83633,72,62.34728
-217.47719,29,62.378652
-195.9289,32,62.408165
-163.59818,49,62.438669
-196.48773,29,62.480683
-252.20807,54,62.517699
-246.60342,36,62.546706
-199.4092,34,62.577722
-151.21165,52,62.618245
-278.45923,44,62.649262
-184.60442,71,62.676294
-183.45161,57,62.709805
-298.49347,40,62.74032
-143.28915,33,62.775053
-243.21245,38,62.805067
-156.22127,52,62.843075
-163.62544,35,62.870593
-185.88403,28,62.897602
-331.2417,33,62.933114
-196.43594,27,62.960627
-240.56607,52,62.993646
-195.87714,23,63.024667
-251.99393,77,63.073853
-147.46567,57,63.106406
-169.16132,37,63.138417
-221.94374,51,63.167438
-213.34827,36,63.197959
-211.92648,50,63.230968
-187.07448,21,63.26698
-208.67798,58,63.310498
-183.00023,44,63.339008
-184.24976,90,63.371525
-166.98311,37,63.398535
-232.7995,40,63.434986
-232.18967,45,63.434986
-179.74875,34,63.471513
-203.99579,39,63.500015
-212.40305,29,63.542035
-179.89508,28,63.575053
-202.78505,33,63.614567
-349.45615,31,63.647578
-241.72176,42,63.6736
-322.6167,44,63.710625
-122.33448,60,63.744639
-194.76707,42,63.784159
-194.19923,29,63.816175
-124.5948,45,63.850687
-165.79787,28,63.887699
-258.6578,34,63.919209
-236.81654,43,63.946229
-155.39192,26,63.980784
-142.06969,51,64.010304
-215.50224,87,64.04985
-198.07251,26,64.090873
-213.45964,44,64.121884
-246.4675,49,64.152398
-226.72293,21,64.179413
-214.02197,41,64.208424
-209.6224,58,70.491906
-194.9433,65,70.525419
-248.47087,38,70.56293
-237.98285,45,70.56293
-143.01642,41,70.59094
-156.37387,38,70.620461
-115.529274,77,70.658976
-206.97911,52,70.686454
-157.08289,34,70.728671
-194.95216,31,70.763181
-133.89342,37,70.794698
-221.48143,40,70.822227
-241.99545,56,70.859743
-196.85239,54,70.895761
-147.98332,26,70.927271
-167.7034,56,70.970814
-190.39592,39,71.006324
-187.55994,44,71.040339
-187.5495,47,71.06886
-151.78227,34,71.098869
-310.12958,74,71.125382
-180.04219,51,71.164406
-166.74228,36,71.197924
-199.61761,33,71.231937
-157.39474,30,71.267452
-262.76953,58,71.267452
-211.90504,28,71.297955
-152.26628,48,71.338972
-167.57996,31,71.368483
-225.76706,56,71.402992
-168.34862,57,71.441124
-181.46729,46,71.467657
-150.50146,42,71.494668
-176.86891,31,71.529196
-240.19936,60,71.565711
-292.92487,16,71.592215
-200.8167,43,71.629237
-140.45566,67,71.629237
-200.49998,38,71.662246
-182.75772,27,71.691781
-173.75684,32,71.736801
-182.62326,36,71.766815
-208.21603,22,71.801332
-155.99239,31,71.834342
-218.98415,45,71.878867
-193.97166,40,71.907881
-123.62614,42,71.936884
-199.94531,52,71.970912
-167.94531,38,71.99893
-163.77878,38,72.02744
-134.8899,35,72.054449
-188.54872,42,72.092522
-293.48404,26,72.118033
-249.58565,33,72.148545
-140.68968,28,72.183561
-176.83974,36,72.222584
-181.55551,51,72.259097
-210.46411,30,72.287607
-228.68735,41,72.319123
-161.0602,48,72.352129
-168.49754,49,72.399647
-194.08585,29,72.435157
-169.18076,48,72.461168
-148.96051,43,72.491677
-204.74146,66,72.51719
-169.61006,39,72.545199
-154.56738,36,72.576212
-166.67412,48,72.612226
-246.20462,42,72.658743
-150.28741,31,72.694755
-129.35962,39,72.722263
-237.1311,33,72.753773
-160.44147,38,72.788283
-148.93427,38,72.825295
-233.68604,49,72.825295
-231.11339,60,72.862321
-216.06638,22,72.890332
-165.97719,41,72.930689
-249.63977,30,72.963709
-182.45721,37,72.992219
-125.939926,46,73.024241
-169.86885,40,73.065265
-168.19182,37,73.097774
-181.99232,42,73.097774
-255.82138,27,73.137787
-158.34822,51,73.165802
-190.16505,35,73.197319
-166.20518,40,73.22783
-178.70648,50,73.266346
-185.18582,31,73.295356
-201.87238,47,73.338372
-154.47575,51,73.369384
-163.30348,33,73.400401
-152.16624,38,73.436932
-188.04372,43,73.436932
-183.51237,20,73.47795
-184.37761,38,73.47795
-157.88945,66,73.517966
-208.36539,51,73.517966
-194.1218,35,73.552974
-203.42554,43,73.586483
-166.30676,25,73.617493
-208.87364,42,73.651005
-168.15175,28,73.684022
-177.30934,49,73.725561
-243.93156,40,73.754885
-150.67198,62,73.781582
-210.97884,44,73.821115
-174.69336,42,73.850119
-194.20949,39,73.876637
-157.08316,26,73.905647
-154.66179,43,73.949668
-159.90388,25,73.979691
-211.82834,29,74.010211
-164.12523,46,74.05854
-200.45206,35,74.084557
-156.63672,36,74.111066
-165.00104,29,74.145593
-152.62065,53,74.187603
-184.42719,56,74.187603
-210.40816,48,74.225131
-132.74718,54,74.260658
-202.88118,32,74.29068
-153.50342,36,74.321688
-200.17914,46,74.362209
-173.99187,33,74.395727
-169.34462,36,74.430745
-148.82452,52,74.470913
-150.48157,32,74.507922
-187.63889,35,74.53543
-184.32625,42,74.569443
-177.64798,51,74.604457
-174.57668,35,74.641468
-210.71437,46,74.67348
-204.30823,41,74.706496
-152.26826,35,74.743498
-167.85562,39,74.77651
-133.89723,53,74.804512
-307.39062,31,74.844531
-269.5311,57,74.87955
-176.38216,54,74.91406
-219.97345,31,74.947067
-156.1426,58,74.983198
-165.97722,34,75.013213
-224.31053,51,75.06022
-145.55006,38,75.08675
-206.86626,42,75.117766
-146.50621,36,75.157839
-150.09808,30,75.185344
-169.5147,30,75.219863
-170.27908,47,75.219863
-166.07628,85,75.251375
-139.1978,25,75.291896
-145.92256,34,75.333405
-154.66588,27,75.361417
-158.11313,48,75.40643
-171.45657,42,75.436448
-207.0943,41,75.470481
-239.93335,43,75.498987
-173.21133,34,75.525497
-175.57346,25,75.558025
-157.91924,61,75.608041
-149.45224,32,75.654069
-216.4799,57,75.68509
-149.70465,39,75.717096
-127.97285,51,75.75162
-185.39078,43,75.783149
-232.64224,49,75.816164
-163.80762,54,75.847184
-196.76239,26,75.889707
-151.8288,42,75.92072
-217.81714,28,75.946737
-177.19542,36,75.992284
-185.44263,36,76.028294
-244.7346,47,76.056304
-183.87186,31,76.089326
-196.15816,47,76.123847
-143.08499,39,76.161864
-161.34691,31,76.19788
-497.40384,74,76.233874
-196.72313,39,76.268394
-174.9507,42,76.303414
-151.33965,38,76.334426
-190.5689,31,76.367937
-138.7999,46,76.367937
-154.8835,87,76.416461
-232.427,42,76.450468
-172.9183,22,76.484486
-198.13802,29,76.519496
-152.56975,34,76.558011
-200.22086,49,76.58752
-205.74745,50,76.627023
-215.49036,47,76.672537
-157.9051,47,76.703547
-157.08665,55,76.734051
-245.08498,39,76.762578
-174.8634,83,76.788588
-163.23973,51,76.826108
-244.82446,49,76.858612
-203.70477,55,76.911643
-235.8579,27,76.941656
-160.22025,35,76.971703
-175.00467,42,77.002009
-146.55261,34,77.038309
-142.61852,48,77.067832
-155.4552,46,77.095845
-234.62987,58,77.127368
-217.97992,27,77.164875
-206.74957,34,77.207906
-222.40854,31,77.24843
-198.156,36,77.280447
-188.64558,48,77.312968
-157.47855,36,77.312968
-184.17155,46,77.34098
-168.85382,41,77.375498
-167.17316,33,77.41097
-352.7857,33,77.460534
-182.26018,34,77.48612
-183.006,29,77.516136
-279.92853,66,77.544652
-130.82932,41,77.574667
-188.85677,54,77.606187
-155.61334,32,77.633201
-197.29323,53,77.660712
-196.35077,22,77.695734
-187.39378,29,77.727755
-286.86972,32,77.764767
-151.45668,49,77.807787
-167.76692,49,77.839299
-150.28792,47,77.874804
-174.26187,57,77.917818
-182.71686,50,77.947824
-166.26582,36,77.975636
-217.97469,21,78.011144
-175.37535,67,78.040197
-216.05067,61,78.077271
-227.31323,36,78.077271
-187.51494,35,78.107306
-156.2222,22,78.141825
-161.29301,35,78.181354
-204.48402,35,78.208863
-145.70253,26,78.240376
-177.58209,34,78.276388
-150.68448,32,78.307401
-229.4836,37,78.350424
-200.20346,27,78.380936
-147.716,45,78.412956
-165.44615,52,78.44375
-163.93457,35,78.487269
-155.42117,51,78.512779
-197.02216,49,78.552291
-193.4431,64,78.587302
-159.7974,41,78.620814
-211.80605,34,78.620814
-158.20337,47,78.661829
-145.11853,30,78.690352
-190.00932,54,78.716856
-237.97974,37,78.75138
-147.68198,36,78.801502
-143.92648,46,78.832011
-150.64047,27,78.858521
-160.54445,40,78.890029
-158.26727,39,78.928542
-184.09749,51,78.954551
-185.36143,36,78.991577
-158.36417,43,78.991577
-158.47296,33,79.039107
-183.32944,40,79.072862
-161.35027,38,79.113873
-160.54684,48,79.113873
-135.32613,33,79.148888
-163.73845,38,79.148888
-183.22021,67,79.19642
-215.55927,18,79.223836
-213.72284,29,79.262951
-218.33597,45,79.297506
-188.40024,43,79.330572
-184.94603,37,79.361604
-129.1629,81,79.403175
-175.93958,23,79.442708
-208.88718,53,79.442708
-170.60576,43,79.475213
-174.95691,46,79.507222
-161.80661,37,79.539246
-223.64319,37,79.574257
-149.70071,42,79.614273
-193.05678,35,79.658805
-164.06418,36,79.69137
-182.03764,31,79.729395
-156.16798,34,79.729895
-174.08604,48,79.757404
-343.016,36,79.798444
-167.11067,47,79.829962
-322.10425,29,79.877506
-175.87045,32,79.909009
-199.73605,29,79.957191
-175.53511,42,79.995698
-150.44215,58,79.995698
-201.94887,45,80.032216
-191.37346,42,80.066733
-211.20833,42,80.108747
-218.53632,47,80.136256
-217.3569,36,80.171285
-155.03757,83,80.204299
-224.49866,34,80.234813
-221.24986,49,80.260829
-189.80925,54,80.297848
-206.39015,54,80.330357
-186.37741,19,80.362864
-183.10342,40,80.394372
-157.10614,32,80.425889
-195.90619,49,80.461403
-168.91376,35,80.493421
-188.69339,37,80.519433
-270.67413,25,80.549942
-211.48915,23,80.549942
-145.34032,34,80.582953
-194.5308,21,80.615463
-189.1767,17,80.644477
-235.72086,40,80.683501
-175.50821,31,80.724527
-202.84195,36,80.755036
-188.5417,36,80.782548
-220.58696,36,80.816065
-146.587,38,80.858585
-167.41138,44,80.896605
-196.80579,31,80.927615
-127.541504,77,80.927615
-178.45024,28,80.954135
-175.12582,41,80.986656
-180.00763,33,81.029167
-186.10118,46,81.063751
-259.48996,28,81.101381
-216.882,31,81.133398
-155.13322,32,81.16491
-185.1816,27,81.196948
-211.11908,43,81.228963
-131.1839,44,81.26098
-168.29672,59,81.287988
-167.79169,35,81.322502
-232.998,42,81.375033
-209.10577,40,81.375033
-145.45868,37,81.375033
-314.6349,44,81.418087
-144.2135,51,81.455604
-186.15085,51,81.488619
-166.71135,33,81.520127
-157.68188,56,81.55214
-178.35373,51,81.55214
-184.00871,38,81.581148
-169.75098,38,81.619166
-173.30696,35,81.659686
-235.51442,39,81.659686
-201.00139,28,81.697203
-144.67989,66,81.697203
-177.30875,33,81.722713
-174.9913,27,81.758223
-237.11337,34,81.810253
-150.81749,64,81.810253
-162.81255,28,81.848081
-273.00818,40,81.875084
-230.89188,47,81.909637
-143.82623,47,81.942647
-172.213,80,81.968664
-204.76767,55,82.005202
-147.70349,27,82.032709
-215.64026,28,82.088254
-163.48409,41,82.118764
-248.77611,45,82.14529
-138.25175,48,82.176847
-200.6564,38,82.21186
-196.53609,53,82.250394
-164.97118,73,82.284609
-172.85179,58,82.311113
-160.95671,20,82.338136
-190.048,18,82.37915
-149.61378,33,82.416659
-176.321,41,82.447672
-241.1053,41,82.476181
-160.83098,14,82.514779
-194.83096,35,82.547374
-216.13135,41,82.581392
-188.93443,45,82.608405
-169.73848,40,82.641418
-173.51341,50,82.666932
-142.88316,30,82.695946
-517.9413,42,82.735453
-211.84488,20,82.776981
-230.48479,21,82.807504
-177.46933,40,82.844002
-177.80124,47,82.873016
-214.3951,57,82.903031
-177.17352,44,82.937543
-192.59727,40,82.974102
-138.5552,25,83.006123
-175.19691,44,83.042638
-164.30199,47,83.072646
-195.62268,30,83.103192
-285.6086,80,89.981292
-154.92278,38,90.02781
-166.39627,61,90.077844
-190.53526,43,90.077844
-181.38455,30,90.11336
-159.9694,33,90.144366
-138.45747,35,90.177873
-177.31479,59,90.22689
-210.15387,21,90.267401
-195.76163,56,90.308917
-208.87488,44,90.308917
-140.68758,37,90.344938
-129.28195,39,90.381855
-133.64075,46,90.422902
-150.11673,56,90.465985
-162.99257,23,90.465985
-152.92902,27,90.500217
-135.33008,32,90.541828
-169.81622,51,90.590378
-223.35709,48,90.627903
-133.91385,30,90.66141
-154.74635,41,90.698934
-157.80728,34,90.738946
-191.32137,37,90.77446
-219.03256,29,90.803971
-159.10345,35,90.845995
-159.11934,51,90.876502
-209.8701,26,90.911512
-156.64697,33,90.940024
-202.14807,50,90.990547
-129.82346,39,91.02506
-141.46767,33,91.054576
-194.2685,30,91.099091
-200.02153,31,91.099091
-153.36108,50,91.146603
-153.50986,40,91.181612
-207.63983,45,91.221636
-223.72513,39,91.26215
-154.87616,35,91.303314
-181.69237,32,91.348344
-134.0877,30,91.348344
-184.5051,53,91.383358
-192.0646,62,91.425875
-187.50192,62,91.464888
-142.49771,53,91.507413
-182.92267,32,91.540922
-141.1428,50,91.576945
-150.16603,45,91.609457
-181.58896,46,91.653969
-156.70787,53,91.690489
-148.24454,45,91.726004
-133.00737,55,91.780013
-133.78758,38,91.812032
-136.00143,47,91.847055
-156.98131,50,91.876057
-202.66154,34,91.911076
-158.61336,35,91.949587
-169.39984,57,91.985606
-209.98119,38,92.01562
-217.12527,24,92.061797
-150.6648,34,92.10182
-152.64862,40,92.133337
-163.72185,48,92.169857
-212.74126,36,92.204886
-174.04433,37,92.234399
-153.43407,55,92.266415
-125.33701,51,92.301429
-149.64899,33,92.337938
-155.66837,26,92.377967
-189.78778,48,92.406468
-171.7803,42,92.437978
-162.95155,28,92.46899
-153.2852,40,92.502499
-144.11668,34,92.546012
-189.19272,48,92.588528
-156.32068,39,92.626048
-153.54196,32,92.65806
-181.93848,36,92.702074
-213.11623,48,92.739094
-159.31998,35,92.775606
-210.18013,53,92.812119
-175.16945,38,92.857642
-134.03241,72,92.891656
-136.99057,30,92.930175
-170.2425,27,92.960692
-169.9666,39,92.994709
-133.09676,55,93.026222
-248.93153,63,93.060236
-145.60457,32,93.100766
-135.6063,61,93.134775
-148.68347,28,93.174315
-148.32553,28,93.206329
-212.98529,49,93.247853
-187.24506,45,93.287972
-171.36447,35,93.323121
-194.24857,59,93.359632
-250.05005,32,93.399645
-197.29367,56,93.399645
-203.08174,36,93.436671
-150.93384,25,93.436671
-151.04092,49,93.47019
-132.18199,28,93.51172
-127.7395,34,93.543734
-161.86923,28,93.586751
-181.5582,43,93.625266
-165.93503,28,93.664287
-158.53629,53,93.705314
-173.59027,35,93.705314
-156.46002,58,93.742332
-197.08061,54,93.773849
-185.76184,37,93.809863
-119.825035,74,93.849388
-189.6222,30,93.884408
-148.39417,47,93.916918
-140.85963,43,93.952437
-166.4853,42,93.986505
-143.10526,31,94.020514
-142.00874,41,94.050514
-192.24205,23,94.10804
-168.37059,51,94.150554
-162.43164,66,94.150554
-210.89607,52,94.190583
-164.24234,47,94.223591
-152.4893,45,94.261607
-171.26321,60,94.292118
-171.85696,52,94.320626
-149.33331,38,94.361644
-149.93321,35,94.394157
-244.29855,48,94.44218
-208.22112,40,94.44218
-161.39915,38,94.471694
-128.94504,40,94.51721
-118.37024,43,94.51721
-164.35338,34,94.556717
-117.41733,52,94.587728
-186.91675,42,94.622239
-192.46318,32,94.660257
-163.94243,47,94.708274
-152.70662,37,94.742287
-132.66896,32,94.778598
-237.60393,54,94.811409
-156.16699,55,94.862935
-155.20778,35,94.862935
-167.1639,47,94.89745
-145.66325,50,94.934461
-151.17184,30,94.97549
-165.21095,39,95.006
-182.3677,37,95.036009
-140.98666,45,95.072536
-176.0505,38,95.113048
-156.95822,36,95.154285
-182.36995,46,95.186314
-139.02632,32,95.221333
-137.19797,52,95.257843
-203.61671,40,95.288851
-168.911,37,95.327361
-178.21114,42,95.360275
-152.5606,32,95.404294
-124.63674,40,95.447352
-202.5285,27,95.447852
-162.90941,30,95.489872
-127.40428,44,95.52088
-160.464,33,95.55389
-161.18529,65,95.588402
-143.30202,51,95.62192
-192.10522,34,95.656432
-168.11142,30,95.691505
-169.42455,25,95.729674
-157.30206,42,95.764687
-180.61722,31,95.808209
-228.24576,46,95.84423
-195.97168,41,95.877753
-219.1642,54,95.913765
-166.85455,50,95.95929
-192.68408,53,96.001819
-152.3683,31,96.001819
-149.37265,42,96.032827
-170.66757,24,96.069845
-156.30833,28,96.069845
-207.5369,47,96.117362
-148.18738,28,96.159463
-140.07549,78,96.185471
-142.47311,37,96.221493
-177.09741,40,96.25201
-229.15872,50,96.28702
-176.08739,49,96.322534
-167.85861,35,96.35905
-181.96869,33,96.400566
-127.995834,62,96.42808
-164.54102,32,96.465091
-196.43501,35,96.496109
-131.24098,41,96.52612
-176.11128,26,96.555135
-149.7987,37,96.596656
-152.75308,26,96.596656
-183.85025,19,96.642168
-202.31491,36,96.687683
-197.63953,35,96.687683
-162.79573,33,96.724705
-216.77177,32,96.764736
-132.94221,40,96.794752
-147.27402,49,96.83727
-177.42894,46,96.875289
-138.9379,33,96.916308
-139.54865,48,96.947327
-177.10143,34,96.983136
-136.64612,48,97.016149
-160.01472,36,97.056677
-183.9769,30,97.056677
-182.58737,53,97.099218
-138.07611,70,97.133727
-152.75148,30,97.164237
-216.34492,46,97.209755
-184.49388,39,97.240774
-167.21071,43,97.276292
-152.3238,33,97.276292
-157.255,29,97.313808
-213.80933,40,97.340318
-312.1134,30,97.372329
-151.0364,31,97.426796
-217.75215,30,97.466812
-206.3321,36,97.466812
-125.39389,42,97.494823
-135.86479,41,97.525335
-173.60805,32,97.558349
-189.60516,62,97.589861
-174.97304,51,97.638887
-157.78194,33,97.681912
-185.04944,33,97.712928
-278.7503,42,97.746941
-154.65547,31,97.782956
-141.51762,30,97.782956
-144.12317,42,97.823969
-179.8098,46,97.858494
-156.39265,33,97.900508
-194.11067,19,97.932032
-173.59563,38,97.983066
-146.35728,48,98.036372
-162.16348,39,98.036372
-179.63683,53,98.069888
-145.06754,44,98.103901
-152.85675,39,98.141461
-169.76524,58,98.174485
-313.90652,25,98.22251
-171.65225,30,98.258023
-142.87627,52,98.297537
-170.95866,71,98.335885
-180.59647,33,98.368896
-189.764,47,98.405408
-165.59128,49,98.445932
-204.32988,38,98.481451
-169.47794,60,98.513007
-182.63846,30,98.55548
-223.82541,45,98.585989
-140.00371,32,98.626504
-152.70703,23,98.627009
-148.91364,40,98.659527
-177.46054,31,98.704036
-162.71048,59,98.735047
-159.60016,29,98.77306
-162.29605,48,98.814584
-171.5806,34,98.847597
-166.03787,37,98.883242
-208.45123,44,98.914257
-168.8274,39,98.948771
-185.65399,31,98.981794
-159.57466,41,99.027807
-191.76038,41,99.066438
-149.84477,37,99.1035
-164.30057,31,99.143008
-288.9057,35,99.143507
-154.5058,35,99.173019
-156.33476,40,99.206544
-212.98428,35,99.264579
-181.21283,48,99.264579
-191.54504,31,99.30409
-193.80515,44,99.342101
-202.0254,38,99.376621
-186.68953,39,99.406622
-141.90442,39,99.440658
-167.71712,41,99.471901
-176.68065,22,99.519418
-156.28766,40,99.553926
-132.46552,37,99.588448
-151.75227,29,99.621466
-148.72171,60,99.669999
-189.78311,42,99.669999
-189.2396,40,99.701014
-174.04227,32,99.747032
-182.15344,48,99.747032
-136.24924,38,99.784546
-152.68652,41,99.822557
-138.207,45,99.862082
-171.31006,36,99.896094
-199.60225,30,99.927608
-172.31929,41,99.955617
-196.11061,20,99.989641
-163.28018,41,100.026654
-144.38422,53,100.060166
-233.63303,47,100.103695
-178.98248,36,100.141708
-217.09633,31,100.169725
-184.74835,34,100.201248
-150.82191,37,100.245332
-151.39374,43,100.292355
-163.10643,49,100.326868
-152.36728,37,100.358877
-176.90756,72,100.4004
-132.84459,48,100.43892
-175.55482,25,100.468929
-154.36487,41,100.503446
-141.26793,57,100.54096
-161.78595,27,100.54096
-160.6551,59,100.575972
-130.36343,42,100.62549
-169.87003,26,100.658505
-215.25912,26,100.698014
-154.87852,35,100.734025
-175.87248,50,100.771545
-162.63963,26,100.814078
-161.94563,57,100.850596
-162.16792,21,100.889125
-138.64168,35,100.889125
-152.9227,50,100.889125
-139.25009,65,100.936652
-188.45923,34,100.973707
-161.30904,29,101.018724
-231.27525,32,101.051737
-162.41998,45,101.097272
-191.88327,65,101.097272
-189.387,34,101.145795
-149.47107,47,101.145795
-214.02396,49,101.180322
-165.71173,36,101.21786
-154.35681,32,101.257379
-147.6645,36,101.295388
-164.39003,32,101.327399
-174.15091,27,101.364419
-202.98265,31,101.39593
-149.99358,41,101.428456
-198.10693,32,101.466975
-194.83133,44,101.500798
-198.11464,39,101.556069
-140.34674,31,101.586581
-197.63107,54,101.623596
-129.87119,48,101.655609
-193.7997,40,101.685627
-173.92085,43,101.715141
-154.74225,32,101.746652
-253.45241,47,101.791664
-230.35085,38,101.839685
-168.98285,32,101.876708
-157.81187,39,101.876708
-132.74991,50,101.927726
-152.86485,25,101.972767
-191.27043,42,102.001793
-138.40567,58,102.030154
-198.24512,67,102.067684
-206.79013,63,102.103194
-173.43358,38,102.103194
-135.01508,38,102.157717
-156.04118,37,102.205266
-144.92159,27,102.205266
-135.4343,66,102.237284
-147.16374,42,102.267792
-172.6905,36,102.304303
-159.6978,47,102.339818
-193.85187,21,102.339818
-211.77397,29,102.392348
-207.78629,59,102.424869
-122.6443,31,102.46038
-160.13379,45,102.503106
-217.08905,40,102.538114
-150.93752,41,102.573623
-169.44388,48,102.614675
-160.69121,30,102.614675
-172.13554,33,102.650198
-143.0684,58,102.650698
-167.47078,39,102.694727
-219.73143,32,102.735244
-146.94215,44,102.779263
-157.41199,29,102.779263
-191.83658,28,102.809779
-213.62845,28,102.855796
-200.29813,49,102.887308
-215.09782,47,102.924828
-176.51346,24,102.968858
-144.18668,32,102.968858
-213.20442,52,102.999907
-175.60628,41,103.050434
-156.36267,29,103.080442
-168.06389,51,103.122959
-214.08188,28,103.155468
-146.26273,37,103.187504
-154.14258,44,103.220515
-245.27156,33,103.252025
-137.81491,42,103.296036
-155.18622,35,103.341563
-253.76593,37,103.375077
-165.51735,39,103.42911
-198.4342,49,103.464131
-137.81657,36,103.497643
-138.87668,47,103.497643
-169.96149,59,110.228161
-210.99898,46,110.274174
-145.02187,45,110.274174
-121.44055,78,110.318587
-136.59357,34,110.345737
-146.35376,40,110.377257
-139.61876,26,110.424269
-170.75279,48,110.452279
-142.42241,32,110.487291
-134.93686,45,110.518816
-187.39185,57,110.54732
-139.78323,35,110.588977
-136.60652,38,110.620483
-137.60933,31,110.653509
-142.5741,50,110.683529
-129.82108,29,110.714569
-118.317635,42,110.745075
-173.22885,37,110.776585
-166.62738,28,110.812597
-169.27638,53,110.857614
-158.80132,44,110.890625
-217.62692,34,110.920634
-111.32386,34,110.955165
-215.20087,46,110.991775
-172.23924,46,111.040482
-157.43605,57,111.072987
-181.98318,20,111.072987
-199.87703,55,111.120524
-150.55078,39,111.157082
-164.2234,31,111.195605
-155.81168,41,111.227611
-215.3667,31,111.257128
-165.99692,64,111.296148
-192.0466,40,111.326992
-196.3455,41,111.355511
-150.19731,36,111.39953
-143.75577,37,111.455075
-129.8201,47,111.486599
-212.43437,47,111.523618
-225.59271,43,111.557144
-182.77058,40,111.59416
-157.84294,51,111.682698
-148.72081,27,111.716721
-128.75656,49,111.756245
-142.73325,63,111.789292
-152.23218,41,111.828312
-163.85513,43,111.866322
-169.76181,45,111.900836
-163.52744,44,111.935346
-200.45926,33,111.972374
-229.36871,45,112.015403
-168.49698,39,112.058416
-161.10327,47,112.091435
-127.74686,33,112.13235
-273.1837,43,112.166402
-158.43692,22,112.199423
-201.5124,48,112.24144
-116.97927,77,112.284973
-153.53781,35,112.325984
-155.84389,54,112.325984
-139.72646,38,112.374013
-154.90646,59,112.420551
-136.1509,55,112.456067
-148.54463,53,112.48758
-178.68906,52,112.528442
-109.9407,56,112.580462
-202.13828,64,112.615472
-138.92897,60,112.648484
-157.19922,33,112.678491
-131.2339,35,112.710002
-182.42856,46,112.753531
-192.87779,57,112.753531
-167.12502,32,112.80155
-160.50752,33,112.840572
-206.96327,68,112.888104
-131.25308,48,112.925104
-168.96924,42,112.925104
-151.26028,41,112.965629
-138.94989,57,113.007145
-159.37433,37,113.040655
-133.83638,40,113.075672
-148.76077,27,113.103182
-129.63287,34,113.139697
-150.0721,37,113.175717
-118.75169,77,113.21523
-148.50618,44,113.25775
-163.90215,36,113.292273
-234.93065,35,113.329782
-179.87372,52,113.366334
-131.41405,36,113.399348
-164.87563,46,113.433867
-131.43774,39,113.478898
-181.63753,57,113.528424
-141.96967,47,113.563931
-156.48753,36,113.595943
-138.80421,31,113.628455
-177.9795,47,113.659975
-145.59616,36,113.70936
-178.8808,54,113.742873
-147.5112,56,113.787383
-177.82912,30,113.8199
-177.51993,39,113.856434
-152.49883,38,113.892961
-159.08041,27,113.929478
-155.18971,30,113.970483
-129.72514,58,114.006508
-131.11781,29,114.051525
-170.23914,36,114.080093
-134.42006,43,114.113103
-188.69951,51,114.155117
-133.62547,43,114.193645
-129.05528,97,114.234602
-175.03168,51,114.275075
-164.08145,48,114.307086
-149.22699,51,114.361106
-189.54704,38,114.396116
-205.65341,59,114.430633
-148.85565,27,114.466143
-190.08624,63,114.498656
-158.69106,55,114.534054
-165.91924,39,114.570074
-174.2371,43,114.638597
-142.28886,41,114.638597
-153.93906,34,114.676121
-118.7537,44,114.708139
-178.06624,44,114.74416
-242.24907,87,114.774671
-132.62328,61,114.807688
-200.87866,56,114.845211
-132.39305,30,114.891113
-147.00883,33,114.926626
-134.4268,39,114.984641
-163.73244,44,114.984641
-138.83086,43,115.021158
-154.39166,25,115.053678
-192.00223,58,115.092723
-152.83632,50,115.12575
-201.50323,45,115.168279
-158.47945,43,115.224202
-218.0794,37,115.25872
-151.6552,48,115.316302
-108.23885,99,115.35683
-147.6454,69,115.39085
-173.78506,68,115.428412
-140.27473,31,115.462432
-182.88573,64,115.495947
-133.33919,59,115.536974
-163.55296,42,115.56949
-196.27368,35,115.624008
-148.08456,44,115.656519
-147.69836,45,115.707049
-176.16847,60,115.748463
-158.06029,56,115.781475
-151.66599,53,115.813496
-142.39696,51,115.850513
-137.523,50,115.884537
-138.44305,31,115.914559
-198.75655,47,115.966096
-130.85638,39,116.021127
-138.45947,40,116.050141
-160.73772,36,116.083154
-145.69978,43,116.119112
-129.5377,62,116.151212
-145.1132,56,116.190248
-156.25641,30,116.227759
-186.43195,55,116.266773
-150.51547,26,116.300787
-161.25746,40,116.333299
-147.7203,80,116.365309
-127.19607,33,116.40432
-173.54086,42,116.40432
-137.84229,31,116.445838
-142.66911,27,116.48035
-144.58382,27,116.535877
-181.36293,30,116.568402
-127.36576,37,116.603505
-155.5617,48,116.651521
-169.57431,49,116.65202
-202.26215,55,116.689041
-142.65591,45,116.730053
-155.98915,50,116.76408
-149.44266,29,116.793595
-127.98739,43,116.850115
-213.63707,59,116.895702
-130.36708,42,116.895702
-138.84874,37,116.939214
-154.44623,55,116.979373
-169.57535,61,117.013381
-183.98059,64,117.065938
-161.48232,27,117.101997
-197.67502,66,117.135504
-185.65172,49,117.181026
-161.29301,51,117.214035
-191.16101,61,117.245548
-137.55745,37,117.278555
-127.66301,40,117.315581
-148.96779,26,117.347591
-177.83101,39,117.398973
-139.98668,51,117.448055
-146.48233,39,117.48057
-135.59772,42,117.51358
-143.22311,39,117.551594
-138.4247,56,117.593615
-159.58148,50,117.628633
-158.85454,59,117.659142
-171.34073,28,117.69716
-151.34863,42,117.746688
-150.19429,26,117.78054
-168.14273,37,117.811988
-155.57898,63,117.848022
-123.555275,38,117.892532
-153.53336,61,117.928042
-241.44669,51,117.972599
-195.80188,30,118.00662
-132.09872,31,118.00662
-153.0447,63,118.055644
-146.75156,55,118.098168
-157.18103,38,118.132187
-172.67981,52,118.163695
-156.20145,33,118.206237
-231.70972,51,118.238251
-162.87039,43,118.280761
-221.58673,56,118.328783
-146.28746,36,118.360796
-168.04993,34,118.393319
-167.145,55,118.431326
-120.67788,45,118.462336
-153.34857,39,118.492928
-135.96202,43,118.530318
-146.52571,37,118.580846
-151.99713,60,118.624855
-131.39868,49,118.66191
-163.31136,34,118.698423
-182.68945,40,118.698923
-194.50424,42,118.72994
-154.15695,49,118.775961
-195.73466,62,118.775961
-198.24901,31,118.809984
-183.79135,25,118.855512
-205.85,37,118.902536
-164.97491,44,118.936568
-161.16452,59,118.989611
-217.87361,28,119.027614
-158.49149,42,119.05912
-178.64651,45,119.09196
-195.35693,62,119.130532
-216.54805,56,119.167574
-127.2439,27,119.199114
-159.21338,40,119.244635
-134.54993,34,119.288645
-169.27353,26,119.326666
-149.74158,34,119.326666
-137.25212,41,119.377203
-158.19788,45,119.377203
-172.01047,36,119.420236
-138.59538,28,119.473269
-175.02931,50,119.473269
-152.37102,30,119.504283
-197.89258,46,119.543346
-137.38553,38,119.577873
-147.82825,25,119.626427
-139.57433,49,119.656451
-166.36792,35,119.69198
-205.71294,35,119.722003
-197.87837,60,119.757528
-181.63873,62,119.794062
-133.69933,44,119.828258
-125.24813,47,119.868287
-160.20515,34,119.915353
-135.44156,48,119.951881
-126.16828,35,119.985522
-151.26466,28,120.023066
-180.81804,36,120.059095
-167.58699,57,120.090668
-144.52109,55,120.124227
-177.20845,44,120.170285
-150.86198,31,120.204325
-195.24895,36,120.237865
-144.48572,36,120.274736
-137.00958,41,120.318465
-149.85448,38,120.353107
-176.10753,35,120.38496
-175.02414,32,120.439758
-137.9115,59,120.471749
-208.58551,46,120.515328
-170.40999,50,120.548895
-164.60738,55,120.58292
-164.25798,32,120.615962
-144.65747,43,120.656014
-139.0916,29,120.714193
-161.5803,45,120.75172
-144.10056,27,120.786233
-168.71652,50,120.821301
-143.08449,42,120.85585
-155.84453,74,120.888364
-164.22972,43,120.921634
-132.53532,50,120.954765
-146.48761,32,121.009922
-145.90869,39,121.058355
-170.65948,41,121.104911
-190.88766,45,121.104911
-116.8839,53,121.137424
-190.17868,58,121.182087
-141.7476,44,121.219411
-209.96722,65,121.254593
-201.69858,78,121.289337
-147.37157,33,121.289337
-147.18388,33,121.331875
-187.34227,41,121.364885
-186.99301,45,121.398905
-132.02948,31,121.442934
-174.49086,43,121.442934
-151.7078,33,121.473945
-117.2973,43,121.511459
-136.22702,50,121.554981
-128.06569,44,121.601013
-195.03381,55,121.638525
-170.53629,35,121.638525
-133.79544,35,121.667545
-135.51279,38,121.701053
-198.59209,47,121.701053
-178.59608,34,121.734056
-140.40405,32,121.797075
-157.44499,39,121.83259
-241.2057,35,121.865103
-173.17885,53,121.895868
-144.93217,39,121.932885
-206.25485,40,121.960904
-151.31638,46,122.003442
-132.0516,58,122.04395
-147.06758,24,122.076454
-161.41966,29,122.106161
-158.11203,44,122.158689
-143.32832,40,122.195241
-184.52277,44,122.230272
-153.89026,53,122.265811
-167.05115,35,122.30483
-170.63963,48,122.349881
-148.96823,55,122.3809
-145.19675,48,122.41443
-150.82318,33,122.478756
-156.32193,50,122.478756
-165.8103,47,122.510794
-142.503,39,122.560836
-141.9294,65,122.600354
-133.9047,49,122.639387
-139.1583,65,122.639387
-130.98874,61,122.685414
-129.74449,46,122.724929
-145.08675,53,122.763172
-187.47581,56,122.798686
-183.13025,40,122.846219
-123.829796,41,122.879722
-150.3691,58,122.922751
-130.6902,64,122.965782
-133.83018,54,123.004802
-125.92566,50,123.033303
-184.09789,45,123.062316
-156.24327,44,123.093878
-148.7028,40,123.130394
-170.87982,44,123.162903
-180.77754,39,123.195415
-146.04291,42,123.241937
-200.16171,39,123.282969
-141.37207,35,123.322479
-195.03915,43,123.356992
-118.378136,53,123.39651
-137.71834,38,123.434033
-143.71855,51,123.434033
-169.9944,30,130.520721
-126.6256,32,130.570227
-144.05363,63,130.607716
-132.32497,41,130.607716
-162.16302,38,130.652346
-155.92734,51,130.694861
-152.31606,50,130.720871
-148.94014,49,130.755383
-154.94778,37,130.793893
-112.88466,81,130.836909
-121.170425,40,130.870923
-179.80284,55,130.902935
-142.8896,56,130.939999
-126.23261,39,130.978569
-225.78157,47,131.016587
-158.64917,40,131.049653
-145.37724,36,131.096194
-197.63956,50,131.131214
-141.1735,46,131.172243
-136.37578,39,131.208262
-128.89554,52,131.239275
-124.719696,47,131.270289
-129.58499,37,131.303803
-143.85329,41,131.33582
-162.64705,34,131.380846
-169.07228,53,131.427866
-148.65213,43,131.462382
-144.73181,41,131.495895
-117.56279,47,131.541917
-140.36462,49,131.542417
-131.7345,56,131.577432
-171.56479,60,131.605948
-106.74634,43,131.640963
-141.4974,35,131.674522
-116.68336,38,131.715535
-144.38214,43,131.747549
-141.87721,41,131.793072
-159.03772,34,131.833594
-212.2666,55,131.876611
-101.76288,68,131.919124
-143.15602,44,131.950138
-122.45745,62,131.981656
-118.01031,49,132.017665
-145.96713,31,132.049675
-206.43016,79,132.083234
-161.99951,54,132.124581
-127.38867,30,132.153593
-130.79756,34,132.187109
-139.61029,29,132.217621
-159.00258,50,132.251662
-144.00154,29,132.283676
-140.50854,34,132.324733
-191.88176,45,132.388272
-134.8602,76,132.423803
-144.68742,40,132.423803
-139.0544,44,132.458312
-134.92198,42,132.491822
-141.20082,56,132.518832
-122.450226,59,132.573363
-129.1412,55,132.610873
-127.814255,32,132.647388
-150.97261,50,132.701421
-117.46976,43,132.701421
-120.53002,48,132.730938
-119.49194,46,132.76596
-141.55965,52,132.76596
-179.74297,55,132.833479
-186.99156,51,132.833479
-138.14165,31,132.871002
-150.16556,63,132.915552
-160.32996,58,132.961702
-184.05399,58,132.990221
-132.69955,66,133.024731
-140.22495,43,133.056741
-145.32123,74,133.087762
-161.2568,49,133.129784
-177.28989,60,133.166794
-126.2725,35,133.203804
-128.86246,62,133.248824
-150.32448,43,133.290021
-179.3635,54,133.320031
-135.7567,37,133.356546
-149.80817,56,133.390639
-118.94703,71,133.421695
-151.99579,38,133.453717
-219.0908,54,133.481236
-141.34964,30,133.525766
-171.98145,46,133.561805
-138.24759,49,133.604328
-135.38412,34,133.645869
-134.30365,38,133.680906
-169.4001,43,133.680906
-151.1156,50,133.719915
-147.41592,31,133.761432
-153.79602,72,133.815973
-126.29092,42,133.850993
-188.19812,60,133.887509
-126.12144,34,133.915022
-147.49951,41,133.950032
-182.30016,50,133.984049
-156.67342,53,134.019067
-107.94694,53,134.06459
-134.52916,29,134.091094
-132.08522,43,134.13413
-127.12041,38,134.162621
-201.83374,57,134.209642
-170.99493,50,134.245157
-132.1827,68,134.245157
-144.6615,47,134.276168
-135.63576,43,134.318184
-159.91241,49,134.354694
-145.0138,53,134.400746
-187.86641,37,134.432258
-175.09067,32,134.462274
-199.74507,56,134.490284
-130.2801,40,134.526298
-130.18251,38,134.567824
-150.59326,59,134.604859
-170.17076,35,134.645381
-149.79391,32,134.67239
-139.99689,41,134.706408
-177.67982,45,134.754432
-151.29771,58,134.792442
-148.85541,81,134.82297
-140.93222,43,134.867487
-166.57721,60,134.914527
-140.10751,45,134.949075
-133.73499,51,134.981105
-141.76572,56,135.021142
-129.75468,26,135.05616
-136.6817,43,135.093767
-192.48358,52,135.129799
-137.22812,31,135.176317
-153.60083,59,135.21234
-157.7045,49,135.261876
-169.70993,59,135.302945
-129.55101,45,135.302945
-186.09853,40,135.33296
-177.96935,60,135.376482
-160.19038,38,135.412502
-165.08408,31,135.456526
-138.02815,49,135.489536
-179.50221,36,135.530553
-138.67891,37,135.562061
-137.0597,74,135.593566
-147.08131,51,135.651086
-129.88023,38,135.685107
-196.36613,52,135.71612
-128.11841,34,135.758145
-172.91515,71,135.758645
-160.21805,63,135.807158
-191.27771,57,135.845185
-131.08765,62,135.884195
-140.33365,46,135.923213
-174.01823,40,135.958727
-145.21967,50,135.993748
-152.39557,32,136.026765
-139.58636,55,136.060274
-130.99738,30,136.099798
-159.72958,61,136.135311
-185.59685,44,136.16982
-154.30856,46,136.230361
-181.10948,50,136.230361
-141.60542,32,136.263376
-130.72655,43,136.297396
-170.59364,65,136.351418
-188.49855,48,136.382425
-162.88408,31,136.423938
-138.23773,35,136.464953
-148.97034,76,136.464953
-126.07772,42,136.499472
-202.34822,70,136.538013
-148.26424,53,136.576532
-176.12764,32,136.613558
-119.37258,47,136.651619
-134.96437,39,136.686626
-140.62384,32,136.718171
-144.97101,60,136.754208
-138.928,33,136.796235
-147.22287,59,136.83927
-138.2299,64,136.880794
-129.68697,38,136.915342
-147.75523,27,136.915342
-136.50848,28,136.949846
-153.46742,65,137.004374
-132.03712,22,137.036463
-192.8125,43,137.069039
-193.70883,61,137.107565
-152.52269,36,137.143084
-168.20807,48,137.176607
-138.51529,37,137.208117
-161.40686,58,137.258638
-119.066284,36,137.293151
-148.59329,38,137.334163
-179.80206,50,137.367176
-122.25763,54,137.399184
-117.34788,51,137.444707
-168.3717,32,137.474719
-144.04097,59,137.511231
-144.8002,60,137.542245
-149.88858,40,137.585769
-125.07249,36,137.616274
-203.53674,51,137.651786
-118.92998,39,137.651786
-177.30544,45,137.710316
-140.36324,34,137.753334
-150.67221,45,137.787352
-163.4233,58,137.820372
-204.76381,44,137.86295
-175.16766,45,137.893975
-156.315,46,137.919978
-186.8038,65,137.950494
-147.1758,38,137.989509
-139.1354,37,138.033027
-162.3131,51,138.081561
-169.52925,53,138.116891
-136.66089,49,138.154901
-125.81946,46,138.189416
-134.08269,39,138.219928
-206.40515,63,138.258446
-120.24602,44,138.317975
-125.81859,83,138.348987
-124.43504,68,138.387497
-150.055,42,138.421524
-181.10657,44,138.455541
-153.4765,57,138.49157
-159.88081,57,138.529084
-195.537,36,138.571104
-142.74272,39,138.605613
-135.9069,75,138.655652
-137.19966,41,138.655652
-112.739815,50,138.703675
-136.89221,56,138.740186
-185.343,60,138.740688
-134.60858,36,138.779695
-134.99165,56,138.815724
-136.94371,46,138.85073
-150.5914,38,138.893247
-138.11862,65,138.954268
-142.81615,43,138.9848
-197.0833,52,139.020326
-139.4923,42,139.020326
-142.4342,33,139.058354
-163.06267,60,139.090382
-134.95703,66,139.131416
-148.29958,58,139.164964
-154.38004,32,139.208996
-134.72194,34,139.240756
-179.03494,42,139.281271
-138.55078,35,139.311291
-133.30873,51,139.3488
-120.326225,37,139.382823
-184.27582,55,139.415351
-195.16092,49,139.450883
-119.10855,31,139.481907
-145.55081,35,139.509436
-130.66324,38,139.556462
-131.79799,55,139.59098
-172.32234,56,139.6245
-160.87682,36,139.661555
-147.08595,43,139.661555
-193.95982,45,139.696581
-125.18696,34,139.765005
-136.42216,37,139.796278
-154.46075,67,139.82829
-134.26628,36,139.867806
-166.1372,54,139.900824
-149.74414,80,139.936834
-171.24548,54,139.976852
-185.84389,63,140.013366
-132.54744,35,140.046372
-142.28966,43,140.086896
-152.33185,48,140.125402
-176.2304,38,140.15643
-176.6535,44,140.183439
-143.77261,48,140.217503
-167.172,57,140.277436
-147.31937,35,140.318958
-146.37347,57,140.354474
-147.63985,51,140.388499
-125.052155,41,140.414506
-205.56621,68,140.44452
-144.4064,33,140.49404
-210.58586,60,140.49404
-139.0406,62,140.526113
-119.861565,36,140.576291
-153.61903,27,140.576291
-129.88423,38,140.625314
-180.20041,53,140.668332
-177.66693,58,140.700849
-129.38116,44,140.740251
-186.98575,39,140.779763
-154.03806,52,140.812272
-127.74423,57,140.849754
-123.05385,38,140.888759
-142.21634,54,140.919769
-140.76039,39,140.959782
-215.9547,42,140.996298
-178.75835,46,141.035317
-124.07051,41,141.067852
-142.08168,46,141.107429
-183.1215,34,141.148774
-199.34723,56,141.191824
-111.159004,63,141.22235
-136.32787,44,141.258367
-147.15393,36,141.291876
-167.9328,66,141.327882
-129.27808,39,141.377907
-130.54327,33,141.414419
-163.16806,63,141.446929
-177.04509,61,141.485942
-165.31367,28,141.485942
-127.3013,40,141.522454
-166.78308,53,141.568471
-122.97007,65,141.60498
-161.95038,38,141.63449
-142.86195,32,141.666
-136.51096,36,141.698017
-147.9337,45,141.746032
-137.95827,25,141.779542
-177.58635,53,141.81406
-140.49422,27,141.845576
-147.98067,55,141.88009
-115.193665,45,141.923639
-159.26193,26,141.953657
-182.32385,53,141.988713
-161.9499,62,142.019727
-160.67868,54,142.081768
-182.21883,38,142.115782
-178.01738,55,142.143333
-144.97069,43,142.176351
-155.5417,76,142.210375
-193.21834,63,142.24239
-157.74493,56,142.285407
-181.4553,57,142.317978
-117.869965,40,142.355126
-123.888916,39,142.387642
-191.8219,50,142.431172
-139.47368,30,142.465191
-177.46797,49,142.496207
-167.95815,54,142.533229
-145.49463,56,142.563734
-166.51662,38,142.600748
-174.53,62,142.646261
-153.66283,57,149.74719
-161.01428,36,149.784721
-154.23239,52,149.820224
-134.36069,34,149.852741
-113.665375,57,149.894258
-189.2087,63,149.894258
-143.43315,25,149.920265
-139.56091,62,149.960786
-123.550156,35,150.00431
-176.98369,56,150.054821
-162.75041,47,150.089632
-165.78566,73,150.12915
-164.2283,63,150.16416
-113.28702,59,150.196188
-148.64131,65,150.232696
-118.34516,54,150.268721
-127.94256,29,150.328754
-115.50644,40,150.360767
-110.96872,72,150.393284
-140.221,36,150.42929
-156.51056,66,150.466314
-138.52834,58,150.507855
-136.12936,69,150.507855
-143.94292,59,150.543545
-134.29887,35,150.587605
-128.05267,37,150.631849
-145.84518,27,150.662863
-126.95446,45,150.694881
-132.34927,41,150.731392
-185.26656,70,150.778424
-141.33766,49,150.812941
-134.17065,57,150.852468
-140.46512,39,150.892494
-129.884,41,150.924513
-117.90679,41,150.962067
-149.5113,36,150.997587
-118.77263,35,151.033619
-143.05042,73,151.033619
-128.88765,61,151.06764
-160.26178,43,151.11567
-136.05878,32,151.170881
-162.77203,53,151.202386
-147.10417,28,151.242413
-151.21596,50,151.28592
-136.71114,47,151.28592
-122.64807,47,151.324442
-132.17813,72,151.324442
-124.04568,62,151.355654
-153.0361,43,151.423739
-171.69554,56,151.469775
-126.705505,44,151.50829
-142.2214,52,151.5453
-209.20102,61,151.590321
-168.40126,65,151.626843
-155.8704,62,151.626843
-164.57762,74,151.662365
-153.56763,38,151.713894
-151.30934,67,151.756948
-131.79291,39,151.799963
-162.2851,47,151.836318
-149.40848,48,151.867827
-195.44492,74,151.902355
-158.1145,70,151.944389
-184.44489,74,152.001664
-149.49023,44,152.036674
-137.75891,37,152.071703
-145.71565,59,152.103714
-126.22946,41,152.147239
-150.0053,53,152.20227
-147.06061,64,152.246801
-119.41096,42,152.283319
-127.02878,33,152.328886
-133.41039,41,152.329386
-140.37126,44,152.329386
-124.6737,78,152.383404
-140.79039,55,152.383404
-127.66919,41,152.428457
-144.85243,40,152.476971
-141.40991,45,152.506992
-131.51471,43,152.54251
-130.9987,46,152.577572
-167.0981,49,152.612588
-211.2885,52,152.662113
-118.9053,35,152.70914
-195.48126,60,152.741669
-130.8999,49,152.776185
-138.87334,58,152.817708
-139.64276,31,152.852223
-139.80385,56,152.883733
-154.09875,58,152.922785
-129.08249,28,152.952797
-187.55783,106,152.997329
-127.6714,31,153.039681
-141.47742,38,153.078326
-128.54544,48,153.078326
-121.31177,52,153.110899
-136.30267,35,153.15041
-131.2854,35,153.183422
-145.92786,61,153.233947
-128.822,40,153.267959
-140.37679,40,153.315981
-155.33516,49,153.346991
-127.230736,47,153.375491
-155.72511,58,153.422026
-128.899,44,153.471044
-161.9396,61,153.50405
-149.70792,27,153.537559
-119.29131,57,153.582067
-175.43866,87,153.629586
-135.1362,56,153.669103
-114.6793,61,153.704115
-124.587906,31,153.704115
-141.56973,60,153.749137
-151.90263,37,153.785654
-156.81178,48,153.842671
-163.84764,42,153.874684
-146.99838,77,153.908202
-161.75894,47,153.940712
-107.13929,84,153.980739
-126.31877,54,154.011256
-126.327545,43,154.049274
-131.21042,50,154.08079
-151.88797,28,154.1148
-130.11324,37,154.159325
-156.57211,40,154.195848
-125.99718,43,154.239367
-144.78442,31,154.272379
-171.40308,58,154.30289
-149.17271,54,154.337399
-159.57648,58,154.385923
-155.07486,53,154.428444
-122.58902,74,154.464459
-141.66473,36,154.493476
-168.09639,61,154.537501
-167.05392,57,154.578511
-134.1369,65,154.623029
-148.80229,60,154.655751
-147.53336,44,154.701777
-123.12488,66,154.742794
-168.89917,56,154.742794
-128.37614,46,154.777804
-130.02847,60,154.839331
-124.357735,77,154.839331
-120.956894,51,154.869841
-122.25748,42,154.906355
-140.13669,34,154.943384
-118.22998,45,154.975901
-115.69801,69,155.005411
-129.17683,33,155.048428
-128.55655,34,155.079438
-166.90463,41,155.119449
-142.35464,39,155.154972
-140.44756,74,155.186487
-133.22816,31,155.238525
-158.32736,47,155.26754
-124.25543,35,155.300556
-112.5376,66,155.342071
-146.34364,62,155.376604
-154.48796,44,155.41062
-119.205124,50,155.452303
-145.83307,52,155.487819
-130.4689,37,155.535835
-113.94617,51,155.566849
-138.60495,32,155.598363
-127.772736,54,155.628876
-151.14647,61,155.669886
-143.0819,43,155.670387
-127.293,33,155.733912
-139.33276,34,155.77042
-154.37427,62,155.802427
-131.10228,75,155.844945
-129.05566,52,155.880968
-180.0668,62,155.908974
-160.3854,74,155.951486
-132.025,28,155.995028
-121.40741,37,156.025609
-123.85409,61,156.065645
-158.4772,100,156.066147
-127.483536,60,156.099708
-137.06178,54,156.143232
-132.06038,72,156.172242
-136.06041,43,156.222792
-162.89235,62,156.259304
-130.59581,41,156.298316
-218.99239,66,156.343832
-138.16246,45,156.379855
-138.7526,48,156.410365
-153.63269,65,156.441884
-151.46336,38,156.480892
-173.91728,73,156.512405
-143.93298,51,156.559928
-152.0228,45,156.588944
-129.60147,32,156.625959
-130.68257,38,156.653463
-122.00659,42,156.696969
-132.04526,35,156.725979
-166.5489,47,156.762003
-159.71896,45,156.823531
-133.4818,42,156.856544
-143.87535,71,156.891566
-142.26532,55,156.917578
-140.28966,56,156.953091
-122.69571,46,156.987124
-122.95585,47,157.020639
-179.71219,54,157.060156
-139.70697,36,157.098191
-150.2102,36,157.137211
-132.27718,40,157.183729
-163.8555,51,157.220258
-142.62228,40,157.220258
-134.59082,59,157.255282
-148.73015,26,157.294296
-126.19365,42,157.327806
-130.3891,78,157.382338
-134.33429,36,157.410337
-133.33441,44,157.447197
-123.31469,35,157.475514
-165.46907,51,157.525541
-175.54567,86,157.558047
-133.83978,71,157.599082
-137.13046,38,157.651602
-118.23239,88,157.68963
-155.24619,52,157.68963
-124.86838,44,157.72665
-136.26627,36,157.765665
-156.63281,71,157.80918
-196.19827,61,157.86221
-180.52554,59,157.901736
-152.88376,45,157.943263
-138.82202,59,157.983288
-136.79973,48,158.014306
-177.71297,69,158.060338
-144.54253,72,158.095393
-150.5364,45,158.140936
-129.25035,43,158.179474
-118.959595,79,158.216034
-105.77146,43,158.250059
-118.816925,79,158.305609
-159.73923,75,158.360153
-176.30493,69,158.400663
-122.99194,75,158.436676
-165.04825,60,158.472748
-119.56238,49,158.47325
-117.887054,59,158.512274
-177.24109,44,158.578854
-135.97446,36,158.610901
-152.23114,64,158.643931
-119.82123,87,158.687942
-151.95445,40,158.687942
-137.57333,42,158.718958
-166.47272,52,158.772211
-136.01584,34,158.815234
-134.33408,37,158.847746
-150.13899,73,158.887768
-131.11795,38,158.925282
-138.37509,46,158.965803
-142.7319,54,159.007322
-139.88596,73,159.050339
-137.74396,36,159.086307
-120.1565,58,159.124756
-148.76982,49,159.15889
-125.45821,51,159.189868
-143.36548,51,159.237954
-190.01859,43,159.280475
-149.36282,55,159.317001
-131.14822,42,159.368043
-140.90846,36,159.368043
-127.90812,34,159.40207
-132.48447,48,159.435613
-132.78767,35,159.485148
-143.26445,34,159.530665
-118.07178,56,159.564688
-131.53424,41,159.613213
-155.08247,29,159.613213
-129.72563,39,159.653731
-139.08786,54,159.701755
-136.13718,43,159.744272
-126.9448,75,159.792306
-142.88785,64,159.825824
-161.85623,53,159.871347
-138.40947,67,159.920882
-166.29024,59,159.95894
-176.47859,54,160.000478
-125.19928,44,160.061012
-161.27437,38,160.108088
-145.16699,27,160.147623
-120.04406,41,160.195666
-112.53718,73,160.230675
-134.14052,39,160.266191
-187.57196,61,160.315716
-127.75774,41,160.362683
-154.48665,36,160.39973
-126.1675,67,160.443252
-133.20102,34,160.475773
-123.940674,52,160.513802
-147.44614,55,160.56983
-171.65654,65,160.610245
-126.955765,41,160.647759
-143.82828,56,160.647759
-166.66818,52,160.688779
-131.8526,44,160.726294
-132.82062,47,160.772712
-126.77645,43,160.824723
-124.85785,68,160.859694
-114.61195,44,160.90222
-131.4218,37,160.944243
-126.45707,45,160.982787
-165.93715,49,161.044353
-122.382355,28,161.083384
-177.91805,67,161.120409
-134.23874,31,161.154993
-183.12852,65,161.202023
-144.6996,55,161.236045
-133.12872,56,161.287684
-130.63377,57,161.323219
-135.8337,47,161.371337
-140.91426,56,161.411363
-150.09676,50,161.446467
-157.01448,51,161.500493
-157.32306,54,161.544053
-168.68668,83,161.5776
-150.95332,51,161.621601
-157.33908,50,161.653111
-160.43295,46,168.586846
-116.67688,57,168.623864
-141.35748,59,168.66489
-134.40097,51,168.702909
-179.94936,52,168.742928
-138.63383,55,168.776939
-193.04456,51,168.813956
-115.04874,40,168.86659
-119.056046,57,168.907816
-143.48508,28,168.937316
-124.465454,66,168.968319
-173.58138,89,169.011365
-145.97147,78,169.071916
-140.96497,67,169.071916
-128.00572,72,169.102427
-119.05197,58,169.149631
-115.270195,48,169.150131
-110.66609,58,169.192153
-122.963196,43,169.244678
-142.36559,83,169.281193
-139.6447,34,169.309705
-124.91644,40,169.349222
-113.306725,45,169.400741
-129.58778,71,169.434273
-102.899216,96,169.464794
-132.70868,44,169.513826
-136.33145,43,169.559335
-109.64386,100,169.593852
-129.99979,54,169.624361
-125.820984,38,169.661881
-116.98678,51,169.704903
-117.13215,64,169.755432
-119.54794,43,169.794955
-139.08751,58,169.825957
-136.68721,52,169.864984
-130.3297,105,169.897501
-135.5897,58,169.930027
-119.30655,36,169.964054
-185.88629,71,170.026966
-110.09868,50,170.064595
-120.07339,66,170.124115
-125.60738,64,170.168157
-114.15006,79,170.201178
-134.29672,44,170.233192
-108.28282,82,170.271181
-162.35669,81,170.306726
-124.44252,49,170.306726
-133.20404,35,170.349253
-109.95345,43,170.405272
-96.90929,119,170.438782
-116.28696,54,170.493806
-115.96676,71,170.529318
-134.21971,77,170.589332
-148.02217,43,170.62284
-119.59438,50,170.65435
-94.62513,102,170.699869
-150.63693,96,170.73638
-119.59012,48,170.774404
-118.64294,42,170.830422
-128.68564,67,170.867425
-134.78738,119,170.906444
-183.20316,51,170.906444
-132.76416,50,170.953116
-133.33473,47,170.987631
-124.92177,62,170.987631
-123.20267,45,171.024641
-128.81496,41,171.075195
-142.82196,55,171.12677
-122.507774,53,171.16028
-147.4362,39,171.195292
-124.552,62,171.230309
-147.38376,48,171.262823
-182.59795,64,171.31141
-134.43991,69,171.352863
-142.5892,65,171.399873
-111.20898,52,171.434887
-113.656006,41,171.468911
-130.3434,58,171.50793
-133.72725,36,171.542446
-138.40868,68,171.589958
-147.75256,76,171.635475
-114.2326,61,171.673491
-133.4507,49,171.707581
-130.6603,45,171.754107
-136.23784,62,171.792115
-123.82065,67,171.839633
-112.601616,55,171.872656
-111.737495,82,171.911721
-152.41048,51,171.945699
-135.42912,47,171.987731
-135.0707,36,171.988231
-126.56792,53,172.023242
-126.82392,40,172.080277
-128.45403,33,172.116289
-125.44409,39,172.116289
-131.42305,43,172.161813
-168.44637,80,172.207345
-128.17691,51,172.236858
-126.23453,36,172.282379
-131.159,39,172.314395
-148.88062,46,172.354791
-139.10457,76,172.394798
-92.66297,96,172.443816
-125.4162,50,172.479849
-104.78181,80,172.536383
-139.21808,68,172.536383
-116.91281,59,172.573899
-170.46204,57,172.573899
-148.72768,60,172.622419
-215.35043,57,172.658444
-120.31285,43,172.691956
-128.77718,41,172.729976
-127.063484,36,172.77649
-119.51052,43,172.82
-154.79759,39,172.872519
-138.83784,50,172.905545
-150.4524,48,172.942562
-135.8987,42,172.992243
-107.49522,76,172.992243
-128.5153,79,173.025255
-125.49775,35,173.058269
-106.93415,59,173.093302
-162.10925,36,173.151229
-148.05646,40,173.192759
-120.61217,35,173.231806
-126.06683,40,173.269335
-119.049675,44,173.308346
-151.17073,66,173.344862
-123.99939,56,173.389882
-143.42743,63,173.435151
-128.02863,41,173.469172
-126.50397,62,173.517202
-136.90506,48,173.556215
-141.28696,56,173.60525
-173.03627,59,173.648277
-146.471,49,173.694834
-128.30011,38,173.737833
-103.97395,71,173.787869
-124.638405,83,173.821384
-142.77151,44,173.859407
-180.00711,112,173.894943
-168.26825,70,173.93045
-166.71751,65,173.983638
-127.25097,48,174.013161
-142.41678,45,174.055181
-109.72025,67,174.085252
-120.730515,51,174.122277
-126.72979,69,174.177315
-108.472855,50,174.225849
-145.81189,74,174.225849
-142.62766,72,174.258362
-116.80579,41,174.290886
-116.06775,62,174.348419
-118.49971,41,174.389429
-122.696396,41,174.43295
-124.26591,47,174.470971
-122.971,78,174.501981
-115.70084,101,174.537993
-118.03799,59,174.580504
-132.34048,44,174.625262
-174.79501,56,174.659272
-149.19005,34,174.703289
-133.64082,84,174.703289
-136.26727,56,174.757816
-128.48308,28,174.795829
-121.39103,34,174.843849
-105.07883,60,174.877838
-112.15386,91,174.92038
-147.54694,49,174.956465
-106.26024,100,175.007509
-182.14972,72,175.007509
-121.27812,43,175.042538
-144.71263,47,175.092567
-140.83092,40,175.131597
-162.70032,74,175.161613
-207.8904,54,175.189132
-134.21706,35,175.226157
-127.33076,41,175.26768
-138.21542,58,175.299695
-119.803986,55,175.351208
-124.10323,45,175.405726
-118.668335,56,175.435745
-144.31273,45,175.472268
-129.30217,50,175.472268
-134.33295,41,175.505781
-142.88924,46,175.539793
-124.116394,35,175.577809
-140.26874,69,175.611826
-134.54184,34,175.665502
-115.30906,45,175.71903
-123.7051,59,175.754553
-121.20049,45,175.788556
-117.90688,66,175.821561
-142.23518,44,175.873714
-169.7953,76,175.902719
-139.37564,63,175.93423
-117.93677,35,175.983766
-139.09795,98,176.016283
-140.77422,37,176.068821
-116.105286,49,176.113341
-130.27632,77,176.145363
-157.45747,75,176.177619
-120.69376,39,176.214654
-163.1279,84,176.252179
-121.89315,37,176.299189
-195.45522,88,176.342196
-128.1337,53,176.388725
-144.11613,92,176.422237
-135.78052,64,176.458254
-115.23825,67,176.501775
-124.25227,71,176.543784
-196.13815,64,176.579998
-130.4843,92,176.613518
-126.43394,62,176.654544
-113.551216,47,176.686552
-166.86224,37,176.730627
-154.76358,30,176.769647
-162.66484,65,176.80616
-189.76242,78,176.858707
-99.52988,68,176.90373
-128.5579,46,176.952251
-119.05002,52,176.994292
-179.97745,65,177.028821
-181.2609,81,177.064288
-164.15674,102,177.109315
-110.73676,46,177.143833
-151.76144,59,177.174343
-131.61916,40,177.231377
-131.75204,55,177.272924
-112.38198,133,177.319451
-145.19281,68,177.360969
-156.43639,79,177.412987
-113.18083,62,177.449507
-116.097595,47,177.494562
-163.1659,55,177.534102
-131.95938,88,177.60516
-113.16641,41,177.60516
-131.06673,34,177.66374
-141.14558,72,177.707885
-156.40569,47,177.743403
-97.14937,114,177.777933
-131.1132,45,177.823468
-123.2592,58,177.862007
-122.07715,31,177.912554
-132.30869,49,177.949072
-131.1152,34,177.990102
-176.90431,62,178.032621
-184.72688,58,178.08665
-115.12807,50,178.121167
-126.72135,38,178.153679
-192.81726,60,178.196709
-114.36467,69,178.196709
-136.8659,44,178.232241
-122.111885,43,178.274756
-120.28394,53,178.304276
-133.33714,41,178.356298
-125.81421,47,178.388879
-122.3105,48,178.432392
-145.19997,61,178.468904
-109.90564,62,178.509928
-148.93698,72,178.561936
-151.68039,57,178.561936
-139.30525,49,178.604957
-173.37617,72,178.634966
-123.39802,43,178.667478
-114.5436,65,178.713491
-180.75798,60,178.776028
-120.59623,37,178.776028
-128.62535,49,178.80954
-113.99428,35,178.859078
-163.00352,86,178.893106
-118.94493,52,178.931123
-149.68611,55,178.931123
-164.98985,83,178.984179
-132.17754,42,179.023698
-128.28772,53,179.069711
-120.67134,47,179.121151
-120.76926,52,179.121151
-151.10321,73,179.154671
-149.64906,50,179.204553
-130.56161,70,179.239734
-131.80363,71,179.273748
-159.18181,71,186.175844
-139.10022,41,186.208856
-158.36694,67,186.250375
-140.16008,60,186.286394
-113.80122,62,186.316408
-113.61644,44,186.342412
-149.64078,53,186.386949
-103.26738,62,186.42256
-138.23871,40,186.475589
-119.983,46,186.513105
-112.78867,57,186.546118
-129.45877,69,186.577682
-147.40398,61,186.618695
-99.29521,71,186.680719
-132.05373,56,186.722739
-121.68946,62,186.772268
-111.39546,61,186.802279
-128.98952,67,186.833791
-127.76671,60,186.874305
-106.67059,135,186.874305
-143.80487,105,186.912823
-127.19078,59,186.970873
-130.45056,67,187.024969
-138.74817,52,187.059995
-118.648575,58,187.105526
-123.51322,59,187.167048
-160.66022,80,187.198573
-101.75626,58,187.244648
-153.1135,110,187.2715
-100.31099,110,187.308684
-115.987526,72,187.346699
-93.23486,124,187.378701
-121.34556,43,187.421746
-116.08101,51,187.483063
-167.79668,103,187.522578
-152.8248,74,187.522578
-132.81212,52,187.559081
-161.17706,64,187.588092
-119.784035,70,187.632107
-121.50094,83,187.698643
-112.27137,59,187.733657
-123.56535,48,187.773684
-104.337265,100,187.773684
-115.30503,58,187.805699
-136.65556,64,187.852272
-107.62104,63,187.896293
-149.87837,36,187.928301
-152.21117,92,187.965327
-135.1765,43,188.022354
-114.84415,59,188.05187
-124.34916,43,188.098403
-142.26767,78,188.130911
-148.28398,93,188.183233
-102.9104,61,188.219254
-115.02392,50,188.264296
-129.3947,37,188.292813
-97.43573,111,188.326337
-76.75318,91,188.362354
-106.81565,62,188.39587
-122.51865,52,188.463471
-112.030655,44,188.509494
-157.22418,100,188.555008
-95.9612,67,188.58752
-113.51248,65,188.619529
-172.50256,67,188.661048
-96.140564,99,188.692558
-110.996,45,188.723066
-117.88426,98,188.767582
-142.50398,38,188.828109
-126.738556,46,188.860198
-122.15955,48,188.900213
-125.3213,86,188.937227
-119.25293,81,188.981764
-115.51668,88,189.018284
-131.57793,32,189.048794
-101.91677,60,189.081855
-120.309654,100,189.120365
-152.5606,66,189.17405
-107.94036,46,189.214571
-105.529655,52,189.255594
-145.55916,92,189.299608
-120.91312,61,189.337123
-115.15587,80,189.371633
-135.52826,29,189.371633
-161.56755,96,189.421657
-83.390045,125,189.467194
-100.44243,56,189.500208
-123.272705,73,189.572768
-118.64735,84,189.608278
-148.90056,78,189.640789
-139.58556,62,189.676305
-90.64063,125,189.707321
-103.4575,111,189.766344
-105.50079,39,189.804857
-138.3397,83,189.83837
-131.73659,91,189.874376
-103.199814,76,189.933404
-115.65724,69,189.968931
-130.75465,46,190.011954
-117.141815,86,190.04797
-96.31748,61,190.097943
-91.150955,103,190.097943
-122.09715,62,190.131948
-140.28581,57,190.204679
-131.24625,71,190.204679
-131.42627,61,190.244696
-117.67377,122,190.27872
-121.94756,49,190.312234
-110.98238,75,190.364261
-87.69726,123,190.421785
-104.959854,98,190.453298
-170.75632,67,190.494317
-135.28555,69,190.545335
-138.84207,80,190.58135
-112.47374,81,190.616862
-106.204865,106,190.661388
-121.58947,65,190.711905
-133.92014,90,190.745413
-105.29754,59,190.797439
-150.255,78,190.829444
-122.520645,95,190.869978
-144.82214,77,190.925007
-112.87163,84,190.959034
-110.39753,69,190.990558
-99.85804,61,191.030571
-102.681206,66,191.070065
-123.98796,30,191.129972
-124.1866,72,191.160504
-116.21944,48,191.219027
-173.89983,93,191.25555
-105.1734,75,191.28956
-93.60461,106,191.323076
-145.82405,82,191.351084
-170.38861,89,191.396599
-122.116684,70,191.44863
-118.38792,71,191.481646
-116.194305,46,191.52116
-123.165634,43,191.551676
-143.24303,58,191.584809
-109.124084,56,191.62032
-105.813614,65,191.669347
-124.19242,58,191.702361
-114.04499,58,191.759398
-120.15485,54,191.798912
-145.24106,80,191.843918
-124.58058,76,191.879941
-104.66986,65,191.922954
-114.2362,96,191.960982
-132.4204,94,191.996507
-143.47136,45,192.028018
-98.86509,63,192.07308
-125.19231,100,192.121123
-101.175446,67,192.162656
-115.18344,74,192.193173
-116.350945,43,192.236195
-157.81033,66,192.279714
-138.52933,67,192.311727
-137.44615,75,192.344235
-131.46231,89,192.377753
-124.49869,50,192.408767
-123.17559,46,192.45278
-103.28251,75,192.519818
-145.03241,50,192.519818
-126.73468,55,192.564835
-140.56168,82,192.605344
-133.14221,81,192.648859
-170.2911,79,192.68337
-116.7984,77,192.716383
-122.70059,31,192.752406
-129.48375,78,192.788417
-111.59386,50,192.81943
-142.85786,64,192.866958
-130.33058,46,192.897471
-119.39069,64,192.962567
-123.71805,50,193.001593
-111.63993,57,193.001593
-107.336205,72,193.038101
-120.11157,53,193.038101
-117.0748,83,193.089124
-119.01567,59,193.120642
-141.62852,75,193.170669
-118.54472,63,193.22771
-133.715,67,193.264233
-123.29097,44,193.314024
-105.296005,66,193.342528
-154.81992,94,193.378551
-92.90361,95,193.41458
-124.82765,96,193.444601
-109.3488,75,193.473112
-127.36999,48,193.523631
-122.0012,66,193.569652
-115.55162,58,193.614169
-108.54688,61,193.648683
-133.7779,64,193.690706
-162.58417,65,193.729215
-111.60659,64,193.761235
-122.23246,69,193.798745
-145.22783,54,193.832764
-106.72841,55,193.878791
-106.25194,52,193.927317
-145.46727,49,193.962838
-114.46694,46,193.993352
-138.6352,73,194.031365
-113.61957,45,194.077888
-133.8305,41,194.12041
-120.00437,81,194.162944
-117.29368,89,194.196095
-173.62866,100,194.230328
-109.77576,53,194.266843
-107.72152,64,194.296855
-108.498955,79,194.340873
-123.009895,66,194.383397
-131.78244,51,194.421413
-118.59915,55,194.45743
-113.643105,56,194.494441
-111.357216,56,194.548968
-93.32545,108,194.590982
-112.75636,59,194.629511
-117.06488,89,194.662024
-127.62709,75,194.724047
-135.70505,70,194.753561
-126.64545,88,194.788575
-140.50339,42,194.826108
-47.235855,134,194.864121
-134.51219,68,194.896634
-114.55427,76,194.960167
-131.75662,96,195.004691
-111.68926,53,195.004691
-114.01774,62,195.043205
-110.81135,52,195.082839
-143.10107,66,195.118849
-121.71216,80,195.156366
-116.80872,65,195.186377
-134.3397,40,195.23491
-134.54411,56,195.287437
-130.62172,60,195.329417
-189.83057,80,195.365053
-150.32953,61,202.264152
-128.80124,80,202.305182
-124.64347,67,202.345704
-133.95677,85,202.377712
-121.6876,92,202.410222
-90.774506,80,202.47968
-111.902954,77,202.508693
-128.86482,97,202.542708
-133.88463,76,202.581251
-147.88579,94,202.646274
-148.36868,107,202.706797
-96.63596,65,202.742306
-117.889885,111,202.775314
-95.55888,75,202.809825
-114.41454,70,202.848847
-126.49119,124,202.884358
-147.26907,101,202.927873
-117.68967,69,203.005922
-129.93185,66,203.036431
-100.57922,57,203.065949
-96.72907,87,203.102459
-160.28374,117,203.137503
-116.047714,103,203.199401
-133.42523,66,203.251975
-101.90969,66,203.298991
-71.660095,158,203.344
-138.3463,78,203.380176
-142.18806,141,203.419723
-117.59822,63,203.458249
-105.254196,124,203.508268
-117.625404,50,203.542437
-138.06349,136,203.586451
-119.80529,110,203.659982
-100.23306,85,203.695006
-99.54373,97,203.729024
-97.34541,94,203.776549
-108.14745,71,203.816575
-124.148094,100,203.866712
-122.943306,101,203.899724
-303.60452,156,203.958244
-100.29341,70,204.00777
-143.51996,86,204.039278
-119.175995,52,204.075326
-156.9362,115,204.124365
-141.49557,109,204.180889
-85.77578,174,204.244923
-97.6691,77,204.274932
-116.83956,102,204.312947
-97.66601,89,204.347473
-122.468185,92,204.412496
-63.539406,160,204.445004
-143.67273,78,204.484515
-88.16024,123,204.518534
-111.29752,63,204.562548
-118.28897,61,204.602572
-116.554825,46,204.646087
-142.21837,98,204.69411
-129.23169,103,204.735124
-99.9425,52,204.769642
-102.820694,64,204.825176
-161.67566,73,204.881715
-103.31827,113,204.918009
-118.90311,148,204.973549
-105.314896,95,205.023062
-103.98674,50,205.052571
-81.61255,112,205.08465
-77.158714,165,205.118159
-98.18927,81,205.15067
-118.6398,113,205.190686
-130.56274,56,205.26408
-103.57283,91,205.304096
-96.115845,98,205.363622
-144.94218,98,205.404639
-110.023186,51,205.437664
-89.75454,114,205.481679
-132.85219,170,205.520789
-109.720024,109,205.554312
-95.59096,76,205.609347
-95.04952,166,205.663366
-123.141785,60,205.698386
-97.36246,80,205.739905
-100.33844,70,205.784931
-111.918365,59,205.858463
-127.4442,79,205.891974
-131.1283,105,205.92549
-89.41692,104,205.957011
-122.688225,61,206.004557
-55.91496,163,206.062581
-112.12811,58,206.101119
-99.08761,133,206.16517
-55.923985,153,206.206189
-67.36371,109,206.252224
-154.50641,66,206.295231
-113.53178,111,206.341254
-85.38602,96,206.380778
-103.96949,146,206.420295
-85.999985,150,206.457315
-123.58402,88,206.536353
-109.02559,114,206.580066
-89.821945,125,206.611073
-119.35341,67,206.656083
-115.36983,96,206.707616
-170.62248,87,206.707616
-154.78426,108,206.741626
-148.7587,123,206.772647
-156.08086,53,206.812656
-103.29472,58,206.889696
-99.59561,51,206.934215
-104.56945,65,206.971255
-116.92697,74,207.018781
-114.796364,117,207.057795
-102.53363,60,207.108413
-78.24067,142,207.14893
-102.03756,108,207.18894
-110.01232,50,207.237967
-107.30278,62,207.271479
-94.576675,86,207.308995
-117.89444,43,207.340008
-58.35025,156,207.368519
-114.94911,128,207.434548
-153.59946,74,207.476077
-114.22836,64,207.536821
-83.14339,127,207.579839
-111.100235,49,207.625353
-101.7572,95,207.661375
-100.40176,91,207.661375
-119.53169,109,207.689891
-80.823784,119,207.732908
-98.21449,106,207.79844
-111.21051,52,207.841236
-100.48915,55,207.892777
-97.97598,99,207.937289
-124.00044,119,207.979346
-143.24556,112,208.031372
-117.70575,117,208.062899
-98.683136,87,208.117436
-137.70763,74,208.152445
-114.27101,153,208.190231
-110.03792,70,208.236254
-117.16324,53,208.269766
-85.29907,83,208.301777
-93.16326,145,208.357801
-118.54495,52,208.390815
-107.32381,57,208.43283
-129.15495,85,208.464856
-96.74008,62,208.524483
-133.54437,70,208.569501
-90.330185,82,208.614014
-102.89931,105,208.653526
-95.16472,81,208.701048
-125.63377,82,208.732064
-85.26834,87,208.780085
-107.36845,73,208.835337
-87.911026,109,208.866348
-92.180046,90,208.90336
-108.04822,75,208.939389
-96.87768,69,208.971431
-107.933426,55,209.006939
-116.63096,53,209.052451
-114.340126,50,209.101994
-140.8258,109,209.155524
-109.37846,58,209.185041
-93.5527,71,209.217071
-98.778076,78,209.259597
-106.53876,66,209.307057
-126.56938,85,209.339069
-118.736885,91,209.380594
-110.87623,76,209.429139
-115.60912,63,209.470685
-144.31079,83,209.52121
-99.76413,89,209.591257
-108.58705,110,209.628428
-126.90209,102,209.669956
-127.14722,84,209.710469
-128.45265,106,209.749483
-129.09633,83,209.780493
-106.88978,54,209.840518
-36.686676,176,209.873033
-122.7356,61,209.913554
-111.40512,55,209.946066
-102.20352,124,216.706941
-119.45761,73,216.745955
-115.326096,65,216.745955
-106.47731,65,216.808005
-61.800095,120,216.903545
-96.87536,86,216.946076
-82.942856,152,216.946076
-100.43784,119,216.979654
-118.049515,114,217.034178
-90.36663,136,217.083703
-107.74364,107,217.119213
-111.191605,62,217.171239
-69.29115,185,217.205753
-103.31829,89,217.256278
-105.435196,77,217.332299
-45.508442,162,217.407846
-151.61679,99,217.447885
-115.85029,138,217.497763
-83.77602,120,217.536771
-28.598738,181,217.585808
-38.0217,235,217.652853
-37.52854,180,217.742912
-86.750175,88,217.789921
-77.70326,125,217.836939
-13.209585,194,217.943664
-76.14008,174,218.026203
-54.779842,195,218.026703
-64.44224,142,218.072955
-41.82731,199,218.145487
-90.77195,151,218.190009
-120.91498,82,218.243541
-76.87801,161,218.274557
-42.339195,173,218.370105
-90.28358,158,218.425133
-108.24745,126,218.478209
20.555279,253,218.523252
-123.75603,128,218.578284
-111.50499,154,218.616802
-119.13072,136,218.649318
-87.39765,91,218.715335
-38.057976,248,218.760854
-70.44757,156,218.830819
-83.346664,134,218.884847
-142.49529,127,218.922357
-109.45497,100,218.955378
-122.17691,111,218.99655
-112.04634,62,219.024057
-96.07904,68,219.103702
-70.3244,159,219.194272
-93.41081,96,219.230293
-78.2757,196,219.262314
-105.536514,66,219.306825
-78.67411,155,219.400359
-122.74655,79,219.449415
-82.22538,174,219.483118
-125.00609,89,219.538139
-62.502422,209,219.575156
-97.69983,128,219.634674
-72.070885,143,219.6792
-62.28665,236,219.711719
-75.788055,115,219.799231
-123.16194,100,219.799231
-110.771126,117,219.878746
-101.16733,119,219.915256
-46.354485,171,219.988287
-105.068184,74,219.988287
-283.44336,151,220.058808
-75.81816,164,220.093814
-99.333374,79,220.14085
-66.32462,170,220.229896
-87.18621,149,220.291424
-103.31038,79,220.291924
-35.66201,230,220.32444
-106.87264,153,220.402467
-112.50339,63,220.463492
-93.509476,144,220.505519
-112.33051,67,220.50602
-65.60979,183,220.534534
-138.23404,116,220.624057
-78.5376,146,220.667572
-91.49046,88,220.736597
-8.1408,234,220.783122
-156.70651,144,220.825137
-120.82837,127,220.870402
-112.068665,76,220.916428
-111.554146,149,220.96403
-122.33974,163,221.005045
-152.12189,124,221.051066
-116.33113,93,221.096097
-115.54425,90,221.160621
-96.9476,62,221.208638
-92.802864,89,221.246155
-117.88377,61,221.288667
-96.935196,90,221.330683
-53.854362,174,221.401724
-72.678665,159,221.441246
-86.08594,116,221.48476
-98.52243,58,221.512769
-127.52139,94,221.633285
-98.02998,101,221.695315
-64.6806,184,221.738334
-55.227005,171,221.738334
-106.81798,120,221.770355
-76.81713,197,221.822381
-86.26904,134,221.869889
-11.970323,240,221.918427
-106.19324,63,221.968099
-106.72952,67,222.033096
-66.74365,128,222.121644
-105.546524,93,222.158657
-109.55087,75,222.220189
-106.80952,51,222.280243
-85.8667,173,222.332772
-61.040424,206,222.374295
-100.76821,67,222.441842
-50.213478,172,222.475851
6.9434414,297,222.550881
-114.502426,58,222.586404
10.026142,276,222.631433
-143.59842,152,222.667453
-102.00177,96,222.696469
-100.819244,103,229.845918
-128.55069,103,229.925956
-87.63228,142,230.005498
-80.348724,125,230.005498
-103.7405,134,230.041508
-72.26543,184,230.072522
-112.76889,145,230.117038
-29.8875,225,230.143063
-109.657524,110,230.191592
-42.276653,182,230.410701
-35.19945,183,230.455715
-40.209354,190,230.510744
-17.404411,241,230.562762
-19.684034,235,230.610781
-135.61105,126,230.729836
-98.11674,107,230.764353
37.994446,396,230.83188
83.56125,387,230.90943
-59.25151,202,230.90943
119.57334,420,230.977501
-106.46442,79,231.107837
-17.29776,265,231.164861
42.02452,347,231.277921
13.655488,322,231.38997
26.34853,345,231.445508
37.385563,323,231.48152
11.825397,231,231.567316
-42.43262,212,231.595329
-14.204658,211,231.700876
-94.52328,133,231.736892
-215.8823,177,231.792426
-74.92435,159,231.837445
125.2194,477,231.903821
-75.63299,142,231.940341
200.9616,621,232.157546
-52.95901,182,232.242606
-0.50193596,276,232.314635
-24.73459,297,232.361148
17.968697,347,232.50471
43.24138,516,232.627264
11.709555,385,232.673294
-59.587685,210,232.76985
166.39423,507,232.862008
-81.09517,116,233.01559
59.64552,399,233.083625
29.108814,220,233.137156
-50.17461,208,233.166685
66.09839,388,233.202201
-45.737293,316,233.262729
-66.04744,219,233.388803
-91.35877,111,233.473356
-73.86038,146,233.513882
-34.702316,220,233.612915
-24.070417,267,233.668928
-51.067265,230,233.707434
-108.50079,106,233.753959
-111.82472,152,233.79499
-105.532425,61,233.840083
16.552212,345,233.982162
374.53488,826,234.044193
-220.13626,148,234.116484
-4.8241596,229,234.209626
-53.48678,224,234.243151
-34.704422,203,234.288172
-7.9801626,236,234.329182
74.9146,357,241.463358
-57.80446,133,241.49511
-42.34582,168,241.540132
103.61578,424,242.095214
-44.65166,208,242.4065
386.16714,784,242.507071
256.13123,738,242.580609
-175.2644,190,242.83972
748.6778,1093,243.029846
-120.124344,353,243.315107
0.05030632,232,243.367096
697.1611,1337,243.491266
-348.91568,370,243.938072
-335.25354,319,243.996115
1024.8906,1719,244.086773
951.075,1850,244.212334
-402.23785,219,244.51497
190.06944,694,251.882747
680.90875,1232,252.596699
664.7687,1364,252.844857
1092.2377,1563,253.880367
529.0573,1023,253.939465
1520.5992,2314,262.680533
