#{"t_start": 1777875437.321235, "env_id": "None"}
r,l,t
-433.51672,23,1.46934
-263.36176,26,1.499347
-240.11143,28,1.531375
-265.23865,29,1.560886
-499.10452,39,1.597407
-436.96326,41,1.624923
-163.86407,43,1.655936
-310.61948,47,1.683948
-206.01619,21,1.730978
-170.42598,42,1.766006
-308.83502,39,1.766509
-252.8102,29,1.793527
-222.83528,22,1.83954
-156.45724,46,1.870052
-470.61124,60,1.901563
-545.55255,77,1.927075
-314.4522,73,1.959641
-551.6291,33,1.959641
-458.2149,38,1.993174
-188.17015,20,2.02719
-215.50876,36,2.075729
-202.43982,27,2.075729
-359.03876,24,2.10675
-505.6567,40,2.142261
-370.8944,78,2.170773
-387.0523,52,2.205285
-637.1494,45,2.239796
-432.25977,58,2.267807
-257.4957,29,2.301316
-203.76633,25,2.338326
-189.5683,44,2.37084
-323.76346,45,2.39785
-162.74606,30,2.443865
-189.5947,39,2.472377
-415.389,28,2.505901
-359.48007,57,2.537401
-211.62726,29,2.568417
-302.55295,45,2.599929
-158.83064,61,2.647958
-175.10435,26,2.685506
-322.77652,43,2.719541
-309.0072,37,2.755053
-326.97302,23,2.80408
-406.15488,59,2.83559
-792.18713,71,2.867603
-202.24327,51,2.902114
-398.3005,57,2.934627
-215.97421,22,2.98391
-239.28922,27,3.016764
-541.0257,58,3.054278
-371.13046,65,3.097794
-539.40717,92,3.129805
-242.66026,60,3.157313
-157.71156,30,3.188826
-322.21332,29,3.245346
-280.13,48,3.275879
-223.79446,39,3.309893
-433.79276,67,3.342921
-379.91556,41,3.371931
-214.75902,25,3.425459
-195.93,38,3.462973
-179.19086,31,3.496491
-460.17514,38,3.530503
-158.49554,39,3.566013
-322.37473,29,3.626544
-203.84758,43,3.626544
-398.3662,28,3.660053
-164.06161,42,3.689746
-336.01938,41,3.728843
-370.88306,25,3.764361
-394.27567,36,3.811434
-693.51715,139,3.840454
-211.51178,30,3.869459
-254.02998,21,3.919984
-495.45786,77,3.960495
-191.76991,46,4.000521
-432.0565,67,4.035309
-247.99547,29,4.065029
-233.8928,31,4.107552
-214.71648,16,4.143079
-743.8438,80,4.186594
-271.54407,29,4.24862
-295.64728,65,4.24862
-464.34402,76,4.292133
-901.01996,170,4.332155
-283.86093,24,4.375265
-427.51166,86,4.405773
-188.01561,47,4.440284
-356.76804,90,4.472307
-957.56903,85,4.544343
-186.94173,47,4.579356
-427.37955,43,4.613381
-4329.354,494,4.6579
-287.20792,70,4.696427
-392.52737,84,4.731457
-268.1374,48,4.809504
-855.43604,93,4.844012
-401.8442,38,4.878022
-419.98123,62,4.911033
-109.02533,52,4.942551
-500.34875,72,4.979074
-834.3274,25,5.005589
-269.732,21,5.0346
-217.8627,22,5.070122
-191.8494,27,5.104635
-239.02718,65,5.153159
-461.58337,26,5.153159
-230.35316,36,5.180664
-319.67886,37,5.210175
-189.62921,32,5.250194
-642.4834,118,5.291213
-453.8392,32,5.320229
-288.64377,32,5.351745
-881.088,79,5.398284
-257.7809,23,5.431221
-283.51877,22,5.463266
-392.64996,45,5.498286
-146.5313,62,5.527796
-541.7772,66,5.558306
-229.9457,40,5.590835
-307.53943,24,5.622879
-392.14145,33,5.683407
-309.36987,50,5.725505
-239.02106,42,5.759023
-341.27023,50,5.786537
-454.08066,53,5.827069
-295.05322,18,5.860581
-210.82516,80,5.885583
-489.65305,76,5.912593
-284.67697,38,5.942605
-289.77338,26,5.97062
-158.54001,31,6.012144
-368.66693,25,6.043669
-298.57816,25,6.078677
-234.1962,17,6.115715
-150.90523,48,6.157728
-341.3222,26,6.185748
-334.6197,52,6.234778
-374.1313,75,6.275793
-272.38654,27,6.302807
-922.2743,90,6.34934
-167.17665,37,6.394865
-279.11618,102,6.426377
-219.55637,31,6.45539
-437.02298,78,6.495965
-376.15805,64,6.495965
-335.93436,45,6.533494
-354.1074,39,6.56551
-205.53313,27,6.597522
-8249.469,891,6.647549
-403.4335,31,6.647549
-277.11417,27,6.693579
-417.2411,49,6.729592
-249.48567,35,6.757652
-306.88486,58,6.786165
-553.76697,39,6.830225
-287.4314,44,6.862235
-276.6589,42,6.904253
-516.50336,33,6.904753
-420.0157,37,6.935782
-189.6886,25,6.972305
-329.8827,47,6.999316
-233.72678,19,7.033827
-341.19595,27,7.066338
-507.32538,30,7.099586
-427.95258,63,7.153154
-222.79276,44,7.181162
-474.14578,46,7.209171
-157.44885,43,7.250187
-189.55405,28,7.286699
-292.51904,29,7.314209
-233.277,28,7.34372
-171.50055,22,7.378734
-352.955,73,7.408296
-297.9986,75,7.450815
-186.41454,28,7.483181
-148.8844,29,7.515188
-237.09352,38,7.5547
-175.63039,36,7.592724
-411.83438,23,7.592724
-201.20999,31,7.633239
-236.25371,18,7.670259
-370.19162,54,7.704288
-202.66779,19,7.704288
-157.2717,37,7.732146
-275.68436,35,7.77084
-296.5421,33,7.817868
-299.85367,26,7.850383
-294.98465,23,7.890911
-301.4348,45,7.936931
-239.0596,44,7.936931
-210.69183,22,7.966447
-265.16336,54,8.004466
-243.5065,20,8.04899
-290.6531,51,8.087501
-254.79648,36,8.119513
-176.97916,46,8.159547
-260.2741,17,8.187562
-365.82864,67,8.220072
-561.159,40,8.256084
-378.04965,62,8.295102
-168.03006,28,8.331615
-242.28079,44,8.36415
-576.5636,35,8.394669
-438.70306,25,8.432182
-252.22397,26,8.470964
-255.5937,30,8.508474
-359.4459,34,8.547991
-415.03946,67,8.583516
-144.11139,45,8.618026
-208.78046,40,8.649538
-608.70746,42,8.691071
-340.64078,23,8.732595
-252.16486,50,8.767108
-215.80548,35,8.80213
-373.8902,30,8.83514
-413.07114,46,8.83514
-297.01923,58,8.869002
-231.94063,19,8.897514
-188.87195,23,8.94153
-237.24327,23,8.973551
-491.50525,42,9.015078
-204.3909,49,9.043588
-384.2846,65,9.076101
-429.99402,26,9.106123
-248.83453,27,9.146195
-446.08163,25,9.202734
-455.4135,46,9.251247
-331.16687,52,9.251247
-525.8199,54,9.278757
-1834.1609,100,9.319775
-412.46542,37,9.373815
-277.67078,38,9.415333
-202.30573,45,9.455849
-416.11157,36,9.455849
-208.06734,54,9.495047
-381.22083,38,9.531358
-317.5534,20,9.561371
-663.00574,118,9.60088
-234.01372,24,9.60088
-246.80304,18,9.640397
-362.17538,43,9.686413
-152.68208,36,9.72092
-360.39117,41,9.751447
-194.65941,36,9.794505
-480.4381,49,9.823319
-358.2132,84,9.855836
-182.36333,30,9.894845
-335.9826,19,9.926858
-213.22966,28,9.959871
-460.56152,58,10.003892
-237.88182,52,10.033402
-397.11978,26,10.067421
-233.31602,47,10.095436
-135.83315,45,10.145961
-251.72186,29,10.173471
-259.86594,30,10.203481
-703.484,44,10.246498
-227.66084,36,10.246498
-263.0346,18,10.279006
-625.6032,65,10.314517
-304.25677,20,10.353034
-231.65215,43,10.396073
-220.75838,29,10.432589
-308.11438,33,10.432589
-302.83273,25,10.477603
-449.17413,55,10.507134
-323.7912,24,10.548668
-242.80482,37,10.59868
-136.67453,49,10.644694
-346.92374,74,10.676197
-398.42798,49,10.715237
-441.6023,41,10.750786
-460.4095,28,10.782925
-267.75473,28,10.838476
-252.76945,29,10.874985
-363.71042,84,10.903497
-157.6008,39,10.934501
-277.60635,63,10.974023
-327.70248,22,11.018164
-291.8859,31,11.050667
-268.5834,29,11.081185
-175.71536,46,11.120691
-656.2733,20,11.161749
-11445.351,929,11.19526
-289.37714,37,11.239766
-186.86417,53,11.276773
-242.01833,46,11.310282
-179.32335,26,11.342298
-484.33923,40,11.374299
-223.03659,32,11.41232
-233.97018,27,11.456846
-267.7071,15,11.490868
-164.81578,33,11.532886
-214.95459,33,11.5629
-180.833,21,11.59791
-198.68246,71,11.641672
-215.47841,66,11.674182
-250.4495,26,11.7042
-219.28882,15,11.736212
-621.4466,43,18.10713
-255.55428,48,18.134138
-353.74933,63,18.16666
-292.05862,37,18.228189
-233.15369,34,18.260703
-221.98201,34,18.301235
-179.66379,35,18.301235
-413.96405,68,18.36079
-381.38004,53,18.392301
-307.50327,30,18.422676
-176.5461,53,18.493707
-159.84888,40,18.533724
-395.58963,48,18.57125
-186.71634,45,18.601749
-303.96228,72,18.638271
-224.77666,19,18.638271
-457.20813,81,18.67379
-243.70946,44,18.769839
-277.1445,40,18.798346
-380.52576,33,18.866575
-182.53632,38,18.906602
-173.08167,78,18.942612
-446.95752,90,18.982653
-312.56653,22,19.019165
-168.03015,34,19.051186
-476.05292,107,19.084195
-235.07166,26,19.117706
-156.86832,42,19.158223
-226.88654,27,19.198235
-204.8735,46,19.237757
-286.29413,43,19.265768
-5596.4297,462,19.30678
-373.0198,26,19.349975
-372.27963,61,19.387574
-322.81274,42,19.428597
-351.96042,54,19.463613
-343.12503,34,19.495127
-211.31418,29,19.533641
-267.80246,28,19.563655
-472.28885,82,19.595619
-197.22586,17,19.642648
-197.05614,34,19.692671
-265.48438,50,19.725681
-167.36118,64,19.762218
-158.55966,44,19.806236
-186.97917,31,19.838247
-241.62282,28,19.870266
-574.78723,55,19.91329
-207.34808,17,19.944835
-261.60272,31,19.975357
-316.8276,46,20.031377
-322.2554,22,20.059406
-369.82806,39,20.109446
-2922.9688,341,20.146969
-160.14136,29,20.179967
-147.34073,31,20.209485
-388.73495,58,20.236485
-263.6709,24,20.271983
-296.3164,40,20.324498
-267.5559,37,20.354504
-179.57191,44,20.394025
-220.08458,18,20.431038
-268.15817,64,20.479555
-180.99591,40,20.515074
-195.32927,33,20.543592
-353.713,80,20.579602
-195.12254,32,20.608612
-196.53043,31,20.65963
-147.31114,32,20.695651
-208.54784,37,20.737622
-219.97151,50,20.77564
-225.85555,27,20.804657
-159.40714,37,20.851695
-291.133,32,20.894712
-227.6955,32,20.928726
-191.43819,89,20.968744
-218.57057,55,21.001755
-2709.4363,327,21.034632
-258.1557,25,21.070145
-268.74622,44,21.103156
-169.46664,29,21.130673
-201.66873,19,21.16919
-218.69716,30,21.200208
-203.04105,43,21.23372
-198.00311,50,21.274729
-211.68471,41,21.30374
-365.79065,23,21.357268
-140.21078,56,21.396282
-384.9056,65,21.444804
-392.24033,79,21.483826
-330.43182,35,21.514344
-342.34436,70,21.548858
-296.16733,19,21.583367
-526.4668,126,21.637391
-252.14348,35,21.669913
-281.07135,32,21.701446
-312.96112,77,21.738961
-199.61876,51,21.767479
-192.64241,48,21.803034
-211.47534,18,21.847057
-237.21057,32,21.847057
-220.25734,42,21.886573
-217.38016,49,21.931594
-300.14465,32,21.968107
-217.63437,37,22.000129
-164.47502,35,22.033139
-349.07315,73,22.080256
-189.7169,29,22.116765
-281.58658,24,22.116765
-358.90393,76,22.15428
-279.7907,45,22.15428
-236.81178,21,22.194292
-374.74896,23,22.233312
-489.7012,30,22.269821
-246.19148,30,22.302833
-268.16162,24,22.343348
-134.42093,36,22.343348
-278.87088,43,22.399901
-179.7661,32,22.434916
-205.76413,40,22.462425
-224.83206,39,22.498948
-241.87155,24,22.535961
-435.29907,121,22.576485
-355.31625,28,22.613011
-203.27644,35,22.641024
-281.68192,22,22.672537
-208.31567,46,22.707071
-622.57874,92,22.738087
-233.00836,25,22.772106
-223.41638,29,22.821647
-302.62546,22,22.851155
-196.8318,42,22.88716
-237.01115,48,22.921677
-201.49503,22,22.959868
-192.29384,21,22.993882
-6937.1147,753,23.0309
-137.29344,56,23.067917
-523.63293,73,23.112439
-236.45952,52,23.112439
-288.3424,24,23.146956
-290.20416,26,23.18748
-347.41403,59,23.236506
-220.56253,38,23.270516
-470.31293,73,23.296026
-489.98886,61,23.330035
-170.3358,50,23.376054
-435.26892,67,23.409084
-172.95978,38,23.451799
-291.1841,37,23.451799
-607.3017,51,23.489315
-170.07083,33,23.535831
-206.72318,23,23.56584
-550.327,102,23.602852
-179.31398,48,23.640372
-483.68533,44,23.672384
-188.66554,27,23.701903
-182.34918,30,23.731914
-472.21692,92,23.770432
-177.60669,26,23.798453
-674.6038,65,23.837966
-230.5769,47,23.867987
-312.37137,29,23.911506
-380.2453,22,23.941015
-369.2162,20,23.970532
-362.0002,52,24.000543
-301.97403,46,24.041556
-184.7461,58,24.041556
-641.12177,80,24.08408
-294.1576,30,24.119583
-214.88725,22,24.149592
-449.3317,46,24.209137
-193.90538,33,24.209137
-165.09644,31,24.249144
-308.2189,39,24.280158
-303.9796,76,24.309673
-596.2817,85,24.349423
-176.49347,21,24.378929
-253.12976,32,24.421969
-297.38962,25,24.421969
-196.10963,29,24.46148
-306.65607,30,24.50151
-204.02126,25,24.536028
-177.93356,46,24.569036
-296.98712,29,24.610043
-217.40778,38,24.610043
-165.41177,23,24.640566
-346.8685,28,24.701624
-196.32205,50,24.740633
-143.61871,43,24.77764
-719.5919,98,24.809306
-184.47258,39,24.858831
-163.9798,64,24.891341
-434.9376,35,24.938357
-211.24576,49,24.968864
-179.07529,45,24.996879
-196.20743,49,25.051912
-360.46378,49,25.077935
-815.4853,136,25.114445
-303.84225,21,25.163964
-188.2425,58,25.163964
-219.28426,70,25.197976
-276.107,49,25.236495
-148.76892,55,25.26751
-275.19482,28,25.298523
-164.2076,32,25.330033
-532.99506,112,25.379047
-152.98358,37,25.411065
-496.1119,54,25.44359
-370.47388,34,25.471103
-311.13293,33,25.501623
-150.15918,30,25.549155
-210.6628,21,25.579168
-169.12672,34,25.616204
-163.29123,31,25.616204
-487.13788,74,25.654585
-271.62415,18,25.693102
-374.4395,48,25.72262
-433.56647,44,25.773669
-304.90277,31,25.805673
-346.1359,60,25.834685
-360.51764,33,25.86769
-230.0781,49,25.900219
-280.2469,20,25.947737
-275.11722,32,25.990254
-338.8622,29,25.990754
-263.80704,41,26.023384
-491.08545,104,26.064722
-253.39854,17,26.099751
-223.1207,34,26.147287
-245.53458,31,26.185326
-215.02592,16,26.222844
-462.8488,73,26.259384
-363.4759,40,26.290406
-172.78342,62,26.32743
-241.36397,36,26.365942
-392.8352,41,26.418477
-426.17392,48,26.447979
-168.8466,30,26.487494
-564.2374,62,26.530623
-393.36844,71,26.574651
-160.95282,43,26.574651
-224.11603,34,26.605654
-589.85956,127,26.640671
-418.49536,62,26.676688
-332.38925,45,26.711701
-170.63559,40,26.750718
-265.75693,17,26.785229
-286.10858,46,26.81727
-347.89352,35,26.81727
-340.0902,48,26.852318
-246.34251,16,26.886825
-193.36044,23,26.928879
-373.7936,27,26.972458
-347.02368,36,27.006477
-480.11337,72,27.04901
-220.52621,47,27.04901
-182.24432,62,27.09603
-161.36414,27,27.126543
-224.86961,26,27.167551
-470.80472,36,27.196561
-344.32205,35,27.25307
-146.77017,43,27.291616
-280.77145,37,27.331636
-177.28712,63,27.331636
-257.8937,24,27.37966
-307.40012,51,27.411177
-530.6134,110,27.445688
-268.93643,32,27.481206
-239.03368,35,27.515715
-190.5699,31,27.554413
-246.67427,34,27.590925
-245.77025,40,27.629941
-398.14124,34,27.666453
-377.351,82,33.667003
-151.6355,42,33.708034
-172.7012,36,33.749218
-110.18158,67,33.782356
-180.04483,53,33.812386
-10108.494,857,33.873589
-165.24542,43,33.908593
-389.56628,104,33.948113
-187.55383,39,33.975626
-282.58972,30,34.009137
-207.22624,34,34.054157
-212.04453,44,34.102682
-351.62418,58,34.142734
-258.66483,49,34.178249
-192.51488,51,34.212263
-222.80527,51,34.244778
-162.74408,83,34.288807
-162.9943,45,34.288807
-242.55106,28,34.324327
-190.70895,31,34.371515
-162.50781,39,34.402522
-252.56453,23,34.432534
-317.65854,37,34.459044
-178.41922,27,34.487059
-210.026,40,34.52157
-173.26968,33,34.551081
-190.43608,19,34.583103
-227.89133,30,34.624629
-208.49748,41,34.663644
-172.62668,19,34.663644
-192.34505,37,34.663644
-205.86563,40,34.702707
-224.07913,21,34.735715
-154.3563,61,34.770228
-211.38481,35,34.811749
-274.71524,36,34.844263
-141.86513,31,34.881269
-198.01987,28,34.913775
-266.5389,17,34.951281
-180.02428,38,34.993807
-139.91118,73,35.034324
-283.37668,31,35.063333
-184.39552,46,35.096353
-846.06256,109,35.124863
-172.44586,37,35.169383
-216.23518,28,35.200396
-154.67172,50,35.230903
-156.9446,33,35.263918
-181.14517,30,35.299427
-248.27008,78,35.336459
-216.56064,48,35.373478
-257.45752,22,35.408495
-211.87437,41,35.439003
-238.40201,34,35.467013
-482.9528,47,35.50153
-206.7147,22,35.535808
-376.91296,35,35.564417
-168.77872,55,35.591926
-204.02922,17,35.628943
-329.1279,19,35.662451
-234.6226,45,35.703485
-246.83264,27,35.730996
-212.79927,32,35.771021
-168.4888,46,35.801043
-212.03377,61,35.831055
-171.13083,30,35.867574
-277.62234,78,35.905087
-217.47638,32,35.951105
-207.16452,41,35.98764
-190.77878,30,36.022656
-291.92477,60,36.056171
-456.0527,79,36.092179
-188.81483,27,36.1312
-287.56482,72,36.183054
-192.72588,43,36.218574
-169.45842,40,36.252086
-375.9644,70,36.282597
-212.62474,42,36.315608
-135.43655,53,36.353132
-325.88794,19,36.388173
-190.7651,39,36.434693
-171.61736,24,36.465205
-270.72717,45,36.51072
-209.29182,45,36.540724
-243.3167,24,36.570742
-193.44139,58,36.600265
-163.51903,50,36.63529
-237.88724,26,36.671818
-237.65685,22,36.703338
-335.5151,33,36.738847
-975.2773,116,36.773876
-156.7879,56,36.822794
-303.50894,79,36.862855
-241.36632,38,36.862855
-630.5758,60,36.906879
-122.51052,50,36.94391
-219.17126,39,36.976443
-195.72055,24,37.012977
-263.99197,51,37.041485
-229.61084,33,37.089111
-151.64542,37,37.123127
-232.81026,30,37.153135
-491.78418,62,37.204653
-189.17139,37,37.237663
-283.9863,59,37.26617
-232.19298,89,37.29418
-50538.023,3729,37.326692
-532.98206,48,37.373214
-140.69308,51,37.412734
-160.83795,24,37.443253
-187.17221,34,37.481273
-202.77286,37,37.512784
-309.8591,19,37.53929
-191.44022,43,37.570805
-177.22638,21,37.607327
-262.26086,31,37.642344
-1405.1243,149,37.685857
-199.58864,31,37.715373
-354.76736,67,37.746379
-151.2874,35,37.773329
-290.02332,40,37.803354
-160.02252,52,37.844879
-145.83353,34,37.876386
-200.50435,46,37.908407
-201.63503,27,37.947429
-191.39546,35,37.976951
-225.0093,31,38.014061
-197.93059,34,38.044578
-210.89774,18,38.072583
-221.34619,47,38.101098
-223.95576,36,38.138619
-222.37459,36,38.167123
-320.3719,33,38.213122
-187.94064,35,38.244665
-244.27524,38,38.278678
-370.41574,40,38.322188
-139.31212,58,38.352198
-266.4848,31,38.394225
-155.86101,82,38.426769
-193.56075,43,38.457617
-626.5467,61,38.48363
-173.09187,25,38.51415
-441.0184,87,38.544159
-452.1337,34,38.581672
-186.48944,50,38.613692
-295.00113,21,38.648721
-307.17285,28,38.679235
-245.47131,26,38.706753
-205.27603,39,38.739265
-245.01097,26,38.767771
-281.71667,20,38.802277
-193.6976,39,38.83379
-319.40125,23,38.877795
-190.7079,28,38.914302
-420.28003,36,38.94681
-126.903275,52,38.981839
-248.10567,42,39.008342
-206.17114,47,39.035852
-191.8353,32,39.086389
-392.391,48,39.116408
-242.1355,27,39.15192
-295.51303,32,39.15192
-175.62737,25,39.183946
-284.73346,71,39.229958
-152.1829,42,39.258464
-255.64824,55,39.288477
-173.53839,31,39.322992
-186.44707,27,39.322992
-181.03214,29,39.361558
-225.19315,21,39.405569
-237.76971,42,39.44258
-290.83258,22,39.474599
-202.09329,46,39.507612
-157.86693,37,39.546625
-248.81915,32,39.580144
-196.34906,36,39.625657
-227.49907,48,39.662172
-212.98592,36,39.697706
-175.1395,30,39.731232
-206.12202,34,39.77025
-191.63205,32,39.804652
-217.99759,30,39.849151
-223.16125,19,39.884661
-205.77943,59,39.918672
-416.51245,37,39.956184
-370.7305,38,39.993205
-203.26927,53,40.024219
-138.07074,67,40.024719
-200.42657,30,40.064736
-142.32164,42,40.099258
-221.75757,65,40.129269
-174.20952,41,40.157779
-221.24738,40,40.191291
-370.16278,30,40.224302
-195.31471,26,40.257316
-183.29562,22,40.290333
-300.119,42,40.322849
-203.70645,46,40.352853
-368.6125,27,40.393867
-181.7826,46,40.427418
-215.18347,34,40.465964
-133.63889,41,40.503474
-309.10272,37,40.541207
-211.25912,20,40.57886
-148.56851,52,40.614863
-227.62953,32,40.644366
-204.00868,81,40.684892
-265.41125,30,40.723164
-137.49477,55,40.75217
-233.2648,33,40.794189
-124.8514,81,40.820697
-198.96245,21,40.853708
-207.51082,48,40.88822
-426.92697,64,40.88822
-228.98993,44,40.915725
-200.90027,25,40.956244
-386.7486,45,40.986765
-284.6225,20,41.014776
-262.34787,24,41.048786
-209.37839,27,41.048786
-223.89938,35,41.079796
-156.92903,34,41.123823
-214.61554,26,41.168419
-249.72337,28,41.199925
-253.90955,36,41.232428
-204.69649,48,41.271438
-214.94533,45,41.302957
-248.13931,42,41.342055
-162.98792,69,41.382562
-179.17902,46,41.424119
-199.90936,45,41.452137
-222.95898,37,41.51416
-414.58228,72,41.54367
-194.3786,53,41.570676
-186.83847,39,41.600187
-217.23816,38,41.631698
-247.96118,19,41.672215
-249.6113,20,41.702734
-140.22052,42,41.741261
-426.10687,105,41.76982
-1158.357,204,41.795851
-168.61229,55,41.839871
-278.5304,34,41.889891
-97.01314,73,41.926901
-441.62228,59,41.952911
-183.36949,17,41.989935
-661.2531,150,42.018945
-247.57448,39,42.049956
-444.5031,81,42.104478
-181.96913,43,42.133992
-519.1038,98,42.162016
-240.2729,42,42.195529
-234.44434,44,42.22404
-139.32733,55,42.255054
-224.59088,41,42.255054
-278.07202,20,42.291066
-566.50183,110,42.328092
-169.00505,29,42.367606
-186.23566,41,42.401117
-191.31975,40,42.433127
-148.12811,35,42.461137
-252.17055,21,42.500556
-299.57495,40,42.530568
-279.06595,34,42.561582
-192.99838,43,42.592093
-178.53128,22,42.629602
-179.66566,29,42.665114
-169.92535,32,42.695637
-239.30476,22,42.734678
-185.48332,33,42.765689
-254.51665,40,42.799238
-209.0995,43,42.827757
-260.3554,25,42.861267
-301.08386,34,42.893777
-224.14326,60,42.924287
-337.89633,67,42.949812
-282.69278,25,42.982819
-180.06683,27,43.01183
-197.12509,52,43.055353
-166.82155,27,43.081873
-396.50235,36,43.110394
-215.83698,42,43.142414
-215.92099,55,43.170921
-392.68762,31,43.170921
-259.08392,33,43.206946
-305.77332,39,43.245196
-246.13037,29,43.278211
-228.84142,27,43.308215
-249.5723,35,43.345732
-264.307,32,43.345732
-209.37927,28,43.377742
-221.73009,37,43.408766
-198.78506,14,43.442778
-301.63135,52,43.478796
-437.59,51,43.532315
-209.62175,47,43.574846
-158.6194,33,43.574846
-158.2813,42,43.601364
-165.39195,47,43.632374
-176.89261,63,43.669399
-174.19406,42,43.701917
-396.56818,75,43.735427
-208.26941,33,43.777451
-249.40784,28,43.805466
-207.361,47,43.841537
-248.94452,39,43.841537
-398.76007,24,43.874049
-383.1057,41,43.902053
-259.9891,41,43.946073
-290.8883,20,43.980618
-181.41515,46,44.016638
-158.70511,33,44.043143
-187.00252,30,44.072149
-295.98718,41,44.101658
-284.35922,24,44.149683
-220.3234,36,44.182195
-419.40176,68,44.220212
-272.73605,42,44.251222
-372.4596,21,44.28523
-373.79614,66,44.313241
-124.460266,80,44.34125
-151.50417,55,44.367758
-190.64209,53,44.396768
-222.95096,41,44.429278
-219.84677,18,44.468293
-300.94656,39,44.505304
-161.09302,38,44.541817
-230.23338,26,44.541817
-174.00443,31,44.572829
-681.5979,38,44.60034
-177.25392,26,44.634351
-194.05647,40,44.662364
-165.74513,23,44.701409
-311.13925,47,44.732918
-162.72217,40,44.765937
-410.82523,48,44.815517
-155.6249,21,44.816019
-247.74474,42,44.816019
-269.8067,31,44.85453
-207.42203,52,44.89305
-152.18176,56,44.923063
-211.46034,25,44.955072
-290.5522,30,44.988582
-156.65512,26,45.025596
-200.42354,50,45.054111
-223.21815,45,45.08863
-186.61774,35,45.132661
-697.1461,116,45.17819
-468.34903,41,45.208705
-209.10535,33,45.234715
-154.82346,38,45.270963
-362.71313,61,45.306513
-164.7872,37,45.349037
-238.28831,51,45.380551
-262.40283,24,45.380551
-261.61606,33,45.423577
-169.68317,41,45.423577
-187.03708,86,45.452091
-183.34915,46,45.489104
-152.91672,30,45.523614
-281.30466,34,45.553621
-177.2802,53,45.58963
-222.54785,41,45.615145
-229.1398,36,45.653718
-303.58093,30,45.689729
-327.181,49,45.719746
-216.84615,25,45.752755
-204.83508,34,45.784287
-218.95836,49,45.812877
-356.4418,28,45.845888
-116.84989,70,45.878991
-220.57704,33,52.145748
-197.91711,24,52.178259
-177.99959,57,52.208267
-293.27917,37,52.23678
-142.24268,43,52.273788
-308.95514,20,52.304639
-163.49193,36,52.341315
-288.35535,28,52.369823
-407.64743,46,52.397334
-158.27386,69,52.434355
-153.55203,43,52.472371
-178.26617,41,52.499892
-274.68637,37,52.539403
-142.49388,41,52.571419
-172.61755,21,52.600446
-238.61566,33,52.628464
-203.94789,42,52.666476
-244.35553,28,52.702518
-240.72601,27,52.729382
-346.54422,22,52.763409
-202.73714,20,52.799443
-159.95546,64,52.833459
-221.64131,38,52.862467
-232.98964,40,52.891978
-149.16254,27,52.921488
-188.78644,36,52.9585
-168.04721,24,52.993016
-237.63351,39,53.02603
-203.18613,70,53.063543
-193.66806,40,53.097055
-173.12445,48,53.126565
-213.7876,42,53.160576
-202.79709,33,53.186589
-193.27092,51,53.216098
-170.19798,30,53.247124
-223.36797,46,53.287648
-197.05768,20,53.32717
-144.05649,45,53.354678
-173.97313,28,53.382185
-199.84496,48,53.421946
-235.98907,41,53.451764
-176.65097,49,53.47927
-211.51778,43,53.509279
-236.86835,32,53.541792
-152.40872,24,53.541792
-156.55443,29,53.574812
-266.16293,19,53.605822
-172.66309,37,53.638839
-191.59572,22,53.669351
-190.2211,37,53.706896
-217.8815,23,53.749407
-271.84045,42,53.780926
-147.35867,33,53.810433
-168.04129,30,53.858939
-190.2816,37,53.891451
-171.54216,27,53.927465
-183.98451,50,53.956171
-168.96887,36,53.994689
-257.30777,33,53.994689
-208.29071,47,54.031212
-196.8968,84,54.072728
-297.18256,30,54.103238
-297.32635,24,54.131754
-650.92,36,54.169276
-171.44191,50,54.19678
-147.33742,36,54.225291
-336.52197,37,54.263371
-287.2172,65,54.301381
-159.16498,29,54.333406
-317.68753,42,54.370929
-167.91101,28,54.398935
-125.84505,45,54.432455
-191.23485,25,54.467472
-272.2241,41,54.498994
-183.51631,18,54.532506
-406.08017,47,54.532506
-233.62889,30,54.563516
-244.7087,47,54.597529
-203.33884,37,54.631045
-156.96017,32,54.671055
-228.02298,33,54.705584
-141.05345,34,54.733089
-162.03746,33,54.770089
-190.99669,48,54.770591
-412.2891,43,54.8001
-176.41913,32,54.839118
-231.7081,23,54.879141
-252.56052,60,54.91488
-139.3316,38,54.952401
-189.05415,42,54.952902
-193.74994,44,54.981915
-152.37898,52,55.016257
-218.50406,29,55.065946
-249.0961,59,55.095973
-216.27905,29,55.13035
-191.55775,45,55.160208
-181.8818,37,55.202233
-171.97385,61,55.202233
-307.95514,33,55.237099
-271.52792,38,55.265282
-253.18092,30,55.312799
-176.92468,26,55.34182
-203.85458,20,55.373342
-184.60597,35,55.40785
-164.43484,21,55.40785
-179.87965,26,55.441861
-208.97849,29,55.474873
-167.73557,21,55.511884
-167.90828,29,55.555891
-166.73758,39,55.592905
-226.14304,68,55.62042
-210.52376,34,55.655431
-157.52966,46,55.693958
-187.59009,33,55.721967
-376.00858,52,55.752473
-132.96523,52,55.789998
-179.4627,19,55.789998
-170.64359,41,55.832518
-151.35487,28,55.870029
-152.47781,36,55.900533
-213.37697,44,55.930543
-180.92302,30,55.961556
-193.79617,39,55.994066
-225.0946,37,56.02801
-243.27678,21,56.06302
-173.09671,30,56.089526
-180.15009,42,56.120041
-298.54184,57,56.149551
-219.40533,37,56.182564
-210.31564,34,56.218081
-211.12328,21,56.252093
-239.05208,51,56.285113
-163.57031,28,56.320121
-178.72543,40,56.348647
-199.06927,33,56.386662
-153.56464,33,56.419099
-190.47626,37,56.45311
-187.14337,27,56.48061
-155.48036,35,56.509116
-206.05258,33,56.553637
-263.2118,20,56.553637
-160.30199,36,56.585157
-192.83955,33,56.622669
-243.43347,26,56.655681
-168.411,34,56.688691
-216.94891,21,56.718209
-189.23978,28,56.754232
-188.04619,25,56.798769
-249.2895,33,56.829782
-224.95876,45,56.859299
-246.86008,34,56.901309
-248.57678,71,56.929823
-125.12447,44,56.961834
-168.95644,39,56.991336
-197.56665,30,57.02185
-170.63435,38,57.066867
-216.17514,19,57.099693
-189.15916,22,57.133807
-208.52745,48,57.168361
-213.61334,36,57.204462
-271.59592,29,57.256977
-184.45767,54,57.287495
-350.17273,48,57.328011
-202.31372,35,57.356887
-167.86652,30,57.39054
-180.98204,38,57.423052
-179.99734,37,57.453565
-162.79977,36,57.511324
-251.03014,31,57.548398
-171.3636,32,57.579405
-272.7596,39,57.611923
-181.06013,47,57.644433
-263.3459,35,57.644933
-185.93483,46,57.683449
-162.30396,30,57.725484
-157.84073,32,57.767008
-321.9146,36,57.807033
-163.49904,38,57.846584
-177.84892,39,57.846584
-284.06683,53,57.891597
-207.60506,52,57.925612
-206.98065,35,57.958123
-295.86154,34,57.997643
-216.16467,44,58.029652
-204.07845,47,58.063662
-195.25272,43,58.107175
-195.09077,44,58.1467
-277.3197,31,58.1467
-196.97647,33,58.187731
-182.6769,36,58.232252
-182.68541,63,58.271769
-533.5794,111,58.310298
-205.85574,42,58.352817
-194.61479,34,58.390338
-213.70425,46,58.423853
-180.48253,27,58.456362
-270.54144,26,58.486876
-192.46814,26,58.528393
-2772.4717,371,58.569406
-198.62634,48,58.569406
-396.8927,73,58.608164
-188.70036,34,58.641177
-244.93259,27,58.671691
-181.77107,45,58.714729
-194.01073,45,58.748744
-211.96019,30,58.802285
-230.01457,33,58.802285
-147.66241,42,58.837295
-175.38249,43,58.867803
-487.36618,53,58.904927
-225.9711,54,58.954952
-221.29562,21,58.985987
-225.7002,43,59.013
-236.05223,46,59.043505
-190.87189,31,59.077021
-176.32603,34,59.107533
-185.04338,40,59.143047
-294.40652,48,59.18155
-273.72208,20,59.215566
-311.85913,28,59.250074
-176.53258,32,59.283084
-171.07796,37,59.327605
-265.6416,28,59.359628
-197.68808,55,59.405154
-169.03171,60,59.441175
-236.46751,50,59.441175
-157.5274,33,59.476194
-251.15355,43,59.506204
-223.46497,53,59.555725
-192.79428,30,59.598727
-181.99773,54,59.635746
-293.98987,39,59.664255
-155.30699,36,59.697782
-155.56386,56,59.729308
-172.79173,55,59.778331
-250.08672,22,59.814854
-200.11807,39,59.814854
-163.57735,27,59.857366
-153.00424,42,59.90237
-122.93469,55,59.937882
-160.44138,46,59.9694
-210.30106,31,60.003403
-237.56772,34,60.043423
-265.1175,34,60.043423
-424.64667,99,60.079489
-261.00845,23,60.1155
-151.68547,35,60.148518
-193.64217,26,60.189527
-204.3334,14,60.220551
-191.8494,27,60.255061
-167.42366,37,60.288576
-193.08253,44,60.334616
-178.87793,26,60.334616
-210.41354,50,60.38465
-171.75342,44,60.38465
-179.09142,32,60.418173
-146.51865,32,60.45219
-190.46361,37,60.492698
-143.56265,49,60.539207
-172.76268,42,60.570208
-162.48373,32,60.606243
-148.52728,32,60.606243
-280.22046,33,60.64224
-233.34917,32,60.671242
-207.62262,53,60.701754
-195.76917,31,60.759784
-197.64304,32,60.759784
-235.06767,29,60.7918
-174.38138,50,60.825861
-153.47513,38,60.874872
-218.78511,41,60.909396
-260.56247,51,60.942904
-301.13895,56,60.984936
-241.56177,36,61.013955
-188.43806,34,61.042958
-206.79675,40,61.074469
-181.39333,46,61.11098
-292.46927,32,61.144997
-277.76138,38,61.194975
-140.8882,45,61.194975
-240.04187,30,61.238163
-164.84879,26,61.270184
-166.61302,35,61.310696
-170.66652,49,61.34421
-153.6451,48,61.376211
-144.66563,36,61.420729
-246.71223,37,61.454242
-288.22452,62,61.486754
-217.87775,31,61.528282
-257.90567,23,61.5608
-192.31845,46,61.603211
-195.23143,48,61.661105
-156.42052,27,61.693616
-163.69958,37,61.729629
-196.49728,39,61.729629
-207.15152,39,61.758135
-214.0518,24,61.796662
-329.46567,59,61.796662
-201.5515,38,61.831672
-167.00168,20,61.877679
-253.5157,20,61.912188
-199.96541,21,61.939702
-259.3106,31,61.987726
-242.60483,42,62.025258
-158.20908,40,62.025258
-192.35262,54,62.073282
-477.7539,64,62.110813
-206.65123,43,62.146326
-266.2065,43,62.173836
-201.26727,50,62.20835
-328.1312,35,62.241363
-241.72484,37,62.272872
-184.41974,44,62.306883
-177.06279,32,62.343404
-175.31451,39,62.390929
-197.11874,38,62.424465
-160.12032,34,62.458987
-231.91394,40,62.491009
-197.663,26,62.521527
-184.8204,46,62.552038
-179.61288,41,62.587062
-200.0822,42,62.627579
-250.91254,28,62.675588
-164.90416,39,62.712318
-151.3518,34,62.742829
-180.45506,51,62.780843
-177.13422,47,62.814867
-177.89691,43,62.84738
-168.16183,37,62.876895
-440.66907,31,62.920402
-177.54785,30,62.956903
-131.76866,40,63.000416
-204.90556,75,63.033919
-227.37692,23,63.069441
-167.79724,34,63.095448
-153.81921,43,63.126953
-181.59703,43,63.161468
-176.73442,28,63.195518
-148.71202,46,63.22803
-245.70619,36,63.27705
-173.63039,33,63.311059
-200.45064,22,63.346565
-183.56886,34,63.385077
-211.58615,48,63.385577
-212.80725,36,63.420101
-191.84256,43,63.452604
-225.3028,52,63.493122
-219.25183,23,63.534142
-217.43343,28,63.573155
-325.35065,35,63.604667
-242.21797,39,63.638686
-162.95273,31,63.638686
-236.2113,20,63.688707
-166.92021,24,63.726727
-172.43797,42,63.757564
-262.74835,35,63.803091
-161.75035,54,63.845994
-169.90477,43,63.845994
-446.21606,73,63.881504
-256.46997,30,63.918523
-204.3135,37,63.950535
-178.4386,25,63.989052
-167.90118,40,64.020063
-229.55602,23,64.058587
-189.81956,33,64.092107
-178.05864,26,64.125627
-549.9158,112,64.164189
-218.51973,36,64.197206
-295.29675,33,64.235735
-218.59427,38,64.264246
-201.064,31,64.310265
-230.71454,37,64.34329
-247.74033,26,64.375312
-315.72113,35,64.412325
-150.50368,58,64.450355
-375.40607,91,64.488871
-205.0312,38,64.518881
-322.91824,41,64.554391
-196.37276,20,64.585409
-185.12807,28,64.619427
-227.64523,34,64.652943
-318.3337,44,64.696488
-305.89984,41,64.741007
-220.73766,32,64.772025
-175.2362,33,64.803035
-134.157,42,64.834546
-212.8649,52,64.876565
-191.69598,39,64.914082
-175.53862,29,64.954609
-206.98286,24,64.954609
-253.09157,64,64.997658
-177.3074,23,65.027673
-182.6935,17,65.058193
-219.41814,45,65.087711
-184.14029,43,65.120727
-156.3605,27,65.159744
-240.07983,25,65.203264
-171.71426,92,65.203264
-141.18774,25,65.234774
-150.77649,42,65.270286
-233.12938,43,65.316298
-378.4832,32,65.345311
-228.91057,28,65.378324
-171.95575,48,65.408849
-267.45233,35,65.451871
-181.45673,50,65.487385
-252.71133,78,65.517896
-370.31998,56,65.554916
-264.821,34,65.592428
-198.4823,41,65.624936
-255.20792,39,65.656946
-212.61372,49,65.69595
-228.4047,46,65.746467
-291.714,24,65.776969
-252.389,42,65.809983
-180.08232,36,65.842994
-192.65858,30,65.872499
-196.62227,40,72.827694
-192.88536,39,72.865361
-182.99916,65,72.904886
-212.62439,36,72.946398
-159.66025,34,72.97942
-132.9869,34,73.03347
-196.3598,49,73.03347
-199.42522,48,73.074501
-206.91508,30,73.108022
-158.5456,37,73.142041
-150.0271,54,73.177063
-151.45363,37,73.229596
-148.42393,27,73.267127
-207.9455,40,73.297643
-130.88832,32,73.33816
-209.84013,29,73.377188
-231.63214,40,73.429266
-226.30635,42,73.464285
-158.44226,28,73.506806
-179.73862,44,73.541819
-180.86487,40,73.592903
-186.0029,49,73.592903
-168.38809,48,73.592903
-204.07138,29,73.642511
-159.39163,84,73.678312
-185.17972,28,73.711359
-166.77025,45,73.740373
-242.83163,46,73.770401
-180.1847,32,73.812926
-172.37599,19,73.850944
-178.21588,26,73.878456
-173.81903,26,73.910469
-193.9375,52,73.950998
-177.32886,33,73.980504
-215.23834,35,74.018532
-241.1276,61,74.049544
-174.94275,25,74.078558
-325.46185,30,74.114074
-185.08223,43,74.150089
-173.75392,33,74.193611
-172.03831,29,74.229121
-173.74239,33,74.229121
-155.18137,32,74.280387
-218.2472,61,74.3159
-141.11452,43,74.354917
-141.0864,31,74.354917
-158.86263,47,74.388938
-196.05711,36,74.439955
-191.26907,39,74.473076
-141.91855,49,74.510589
-147.42703,39,74.548118
-199.26184,42,74.586643
-151.38661,41,74.617668
-155.90329,40,74.650681
-169.08731,33,74.688204
-140.34335,52,74.71822
-153.18497,30,74.766747
-212.58907,46,74.79509
-222.66725,44,74.832945
-221.24632,24,74.868969
-159.311,38,74.90442
-178.71523,50,74.944935
-175.66043,51,74.981452
-139.18091,33,75.020468
-227.56963,50,75.049979
-144.96173,28,75.078507
-260.96674,31,75.122536
-161.6309,43,75.122536
-216.37642,39,75.167048
-185.85655,45,75.22302
-147.97136,49,75.267534
-204.60828,39,75.306059
-130.59967,54,75.345083
-160.7202,55,75.378093
-173.57248,59,75.413133
-198.55753,53,75.448142
-135.70277,55,75.50016
-153.67332,31,75.50016
-168.99904,27,75.541173
-212.86583,50,75.580191
-208.63515,39,75.580191
-229.24278,43,75.624208
-180.74292,41,75.657714
-207.43515,44,75.697738
-234.61902,32,75.729252
-237.70616,30,75.766301
-220.08594,39,75.809813
-197.66653,53,75.840837
-150.92517,38,75.897974
-177.93816,37,75.934991
-195.26048,31,75.966506
-219.75653,46,76.00453
-374.45477,56,76.033542
-200.49277,70,76.066066
-137.90843,36,76.104578
-195.23514,37,76.140594
-202.7944,30,76.203622
-200.77274,49,76.203622
-164.78885,46,76.235637
-210.89087,49,76.281151
-175.73178,40,76.312607
-210.57672,58,76.350115
-140.87311,49,76.350615
-226.99109,28,76.393138
-231.69772,30,76.427153
-148.01904,52,76.427153
-138.32738,46,76.477691
-213.79247,39,76.514222
-168.52531,26,76.546246
-214.04626,31,76.581259
-158.35333,34,76.625772
-172.03964,48,76.625772
-120.24438,55,76.665789
-189.59557,21,76.7025
-183.12753,39,76.749525
-144.31824,42,76.79003
-173.43524,38,76.821054
-272.03238,28,76.852556
-160.05693,43,76.897265
-234.43855,43,76.897265
-220.84265,41,76.943784
-780.91956,108,76.98181
-140.45653,34,77.024821
-193.36574,47,77.058333
-238.62349,42,77.09285
-172.31616,42,77.125865
-165.74568,40,77.166379
-233.85266,41,77.198395
-149.06537,38,77.240407
-161.61545,39,77.28442
-174.06909,29,77.28442
-153.45428,38,77.327437
-197.1484,37,77.372451
-186.42896,32,77.409966
-163.351,43,77.44398
-200.6021,58,77.478498
-158.7211,30,77.518966
-168.59389,46,77.553006
-176.92537,49,77.585018
-183.5539,74,77.616554
-156.16426,34,77.660088
-188.51373,40,77.70369
-243.2422,54,77.737195
-151.11209,53,77.772199
-135.3,37,77.811736
-274.52753,46,77.852253
-140.58408,38,77.852253
-169.82887,41,77.890266
-180.28,30,77.935282
-187.42934,28,77.97529
-173.72278,31,77.97529
-151.0259,26,78.006805
-209.5673,51,78.043826
-188.98402,31,78.07784
-194.12027,28,78.110353
-246.26836,42,78.15287
-209.77507,27,78.191882
-121.23508,34,78.232406
-162.96306,36,78.267918
-241.24722,27,78.315935
-163.9928,60,78.356964
-187.2998,50,78.394478
-169.79907,52,78.428493
-184.75783,42,78.477517
-139.6346,49,78.477517
-286.72824,77,78.517039
-210.33199,39,78.552056
-251.45525,35,78.590066
-216.70378,53,78.590567
-199.79073,42,78.635583
-189.25458,39,78.666592
-152.9281,33,78.703115
-183.66273,27,78.740629
-167.61584,29,78.777146
-198.43723,30,78.807158
-221.52545,52,78.844674
-147.00679,27,78.879689
-194.13669,30,78.916704
-256.5674,50,78.916704
-142.90952,25,78.954726
-185.88268,47,79.005257
-232.27556,40,79.045779
-184.9595,31,79.045779
-177.28934,43,79.078297
-216.62805,32,79.112813
-172.62558,44,79.149407
-176.85704,45,79.193929
-141.45502,26,79.223941
-203.09714,61,79.263958
-159.87022,30,79.294971
-152.60973,35,79.329493
-192.99292,43,79.362509
-284.26016,28,79.415541
-132.85129,53,79.450073
-255.7469,44,79.483598
-223.49251,41,79.52962
-132.30795,34,79.563132
-206.02838,34,79.596654
-227.14299,48,79.644685
-142.11664,45,79.644685
-170.09192,35,79.682701
-141.78163,40,79.725759
-197.26447,43,79.725759
-148.06198,32,79.762798
-198.68811,31,79.810324
-140.0777,32,79.848836
-185.64146,27,79.848836
-168.90315,55,79.885857
-168.27916,33,79.922378
-169.48265,58,79.957892
-143.74751,30,79.989422
-232.62793,50,80.03944
-219.44278,32,80.073454
-129.81299,35,80.109985
-190.12036,39,80.142997
-177.7009,28,80.179009
-224.68388,39,80.224032
-146.27036,26,80.257048
-149.53542,56,80.297072
-186.4954,25,80.297072
-168.6427,55,80.334203
-215.3869,44,80.371434
-209.17262,50,80.414943
-192.40462,47,80.447955
-172.73373,31,80.484477
-167.41475,49,80.525986
-181.9014,48,80.557497
-190.07608,49,80.602018
-168.52151,46,80.633032
-155.0855,60,80.665544
-208.33405,37,80.706701
-233.21603,48,80.739212
-150.03612,38,80.788731
-142.58089,56,80.788731
-136.06868,42,80.823258
-161.78221,34,80.867781
-151.497,39,80.897787
-213.36833,24,80.938796
-191.35913,48,80.968641
-279.97406,40,81.003181
-174.74284,42,81.003181
-228.91927,34,81.037725
-226.1912,29,81.071781
-164.1073,43,81.104314
-164.94287,38,81.143421
-131.44627,38,81.196938
-172.81282,46,81.234446
-179.44102,44,81.234446
-233.00926,47,81.268949
-179.02057,38,81.309962
-154.05641,44,81.347486
-140.50769,60,81.383015
-204.92186,61,81.460685
-188.11124,40,81.491741
-151.21512,33,81.529769
-187.12338,31,81.529769
-226.4584,41,81.56179
-164.8223,40,81.606826
-215.09163,56,81.645456
-155.32623,56,81.676504
-186.67964,29,81.721038
-146.35115,29,81.752552
-166.39053,36,81.798643
-175.90665,35,81.837673
-150.91835,51,81.874696
-136.17653,54,81.915737
-188.91258,40,81.915737
-226.15373,41,81.966766
-216.49857,54,81.998289
-326.9632,44,82.032303
-196.87326,41,82.069004
-169.60905,36,82.09954
-146.7261,38,82.136582
-227.80765,40,82.172339
-192.98901,31,82.208214
-152.03963,29,82.239869
-136.24197,51,82.271094
-200.47543,19,82.300812
-201.24623,43,82.333951
-139.60033,31,82.36805
-168.37267,18,82.408604
-169.64165,35,82.457366
-162.39125,18,82.457366
-150.33513,27,82.495898
-254.73108,26,82.530918
-198.28113,35,82.559878
-244.10867,43,82.591452
-184.42642,28,82.634968
-141.65321,81,82.66648
-179.20818,47,82.706516
-205.64713,36,82.706516
-192.86024,32,82.752516
-201.2599,33,82.752516
-195.50699,47,82.793051
-183.3482,49,82.835229
-205.37053,23,82.868105
-259.95087,21,82.909663
-157.05751,41,82.943182
-154.94351,55,82.988461
-169.82614,40,82.988461
-192.64075,53,83.021471
-197.81946,28,83.064002
-225.81908,71,83.117534
-192.83957,41,83.118034
-163.57835,37,83.159075
-167.9612,35,83.193678
-175.02036,36,83.223226
-148.08478,30,83.257277
-248.86633,49,83.289018
-161.40575,51,83.33362
-178.88719,35,83.370666
-185.25513,25,83.406694
-212.6995,35,83.445259
-206.20328,38,83.478283
-251.14896,53,83.527809
-142.87878,44,83.527809
-157.82118,34,83.57183
-150.46667,49,83.610343
-132.10623,57,83.649356
-713.8004,86,83.649356
-253.56615,26,83.649356
-160.7671,27,83.677881
-155.0885,46,83.715904
-202.43716,50,83.749915
-167.24585,20,83.78594
-207.92032,21,83.81525
-141.81432,36,83.844767
-185.50752,26,83.874295
-143.77733,28,83.903812
-157.19759,32,83.944361
-186.92883,42,83.992954
-152.37602,37,84.027979
-167.64822,32,84.055989
-138.8325,66,84.089034
-184.86922,41,84.118576
-218.41814,45,84.151718
-190.5447,60,84.194372
-162.73558,25,84.235487
-160.61118,52,84.267145
-158.9533,28,84.307709
-139.9273,36,84.307709
-172.52826,44,84.353239
-147.1865,42,84.394481
-172.98581,22,84.43951
-154.92516,22,84.43951
-155.10674,64,84.470513
-170.42087,30,84.502023
-236.20384,36,84.533571
-221.11542,50,84.571113
-184.62663,24,84.61316
-234.61288,24,84.642681
-183.40274,41,84.679867
-200.4549,24,84.679867
-130.15784,42,84.720938
-235.98087,38,84.757452
-163.27214,36,84.792735
-260.83694,36,84.829023
-156.64954,37,84.874545
-181.7085,37,84.909547
-161.97682,42,84.952749
-219.29529,42,84.952749
-154.66452,27,84.980894
-177.66766,38,85.013124
-158.99205,45,85.04935
-139.14937,38,85.082397
-201.36658,38,85.127198
-134.10696,33,85.159262
-153.49982,36,85.198389
-215.11829,51,85.226412
-200.44026,28,85.257946
-218.93678,47,85.28945
-213.85826,59,85.329506
-220.81795,53,85.36503
-168.81387,37,85.397223
-247.03413,46,85.440234
-138.69293,35,85.477245
-148.591,46,85.513262
-360.44577,33,85.555776
-175.40059,50,85.555776
-165.01605,50,85.590301
-162.05031,32,85.623328
-179.6952,42,85.670398
-156.1768,32,85.720418
-221.61086,32,85.753925
-148.43137,50,85.795643
-263.93832,37,85.795643
-213.32825,43,85.795643
-161.70694,47,85.826661
-152.90997,41,85.868672
-149.20332,34,85.92169
-198.80046,32,85.955713
-155.3369,28,85.998219
-197.48871,57,85.998219
-150.36244,44,86.037742
-191.99687,42,86.038745
-205.0769,48,86.080126
-196.97942,47,86.080126
-162.35535,28,86.126807
-161.03545,35,86.171837
-215.71544,39,86.207431
-167.44215,50,86.238491
-175.3541,38,86.265508
-158.70905,38,86.309038
-148.2744,38,86.309538
-153.44666,50,86.348056
-147.64722,27,93.313505
-202.2226,33,93.355578
-215.49918,28,93.390604
-216.43669,25,93.425133
-153.6431,42,93.457184
-194.9479,47,93.48872
-198.6326,63,93.521761
-160.32954,42,93.5583
-185.30618,29,93.600862
-149.15392,39,93.632912
-151.48303,34,93.664435
-168.90112,38,93.702499
-151.10626,32,93.735976
-148.01062,44,93.767554
-292.77237,53,93.805914
-228.41031,37,93.843415
-145.92633,34,93.874925
-127.55143,65,93.917435
-204.07649,42,93.917435
-137.32613,44,93.968934
-188.73552,54,94.000465
-165.30542,32,94.029971
-194.42241,38,94.059987
-212.26338,52,94.089491
-138.4114,35,94.125502
-226.50842,40,94.168524
-172.52435,34,94.216755
-136.55643,42,94.251779
-208.08957,32,94.290813
-166.40721,55,94.320842
-365.70526,79,94.36139
-214.73224,56,94.36139
-171.59828,52,94.392401
-150.27722,30,94.439434
-207.14854,72,94.467503
-165.29251,21,94.507091
-185.76993,32,94.537122
-252.50356,26,94.56416
-186.83824,51,94.600697
-127.18469,37,94.640731
-185.6221,32,94.679759
-244.28983,53,94.711819
-164.76208,27,94.748833
-165.0051,40,94.781871
-148.95241,35,94.82659
-167.23442,47,94.860608
-136.34454,32,94.90113
-178.70456,44,94.931151
-297.68243,57,94.961174
-222.08153,40,94.997719
-140.11142,34,95.029724
-180.05182,25,95.065239
-154.15437,43,95.09626
-174.36421,36,95.13128
-189.84029,28,95.186631
-216.71602,37,95.217307
-176.49838,52,95.256317
-172.69502,48,95.256317
-208.25307,50,95.287334
-219.38043,47,95.32235
-192.54883,40,95.359376
-143.45602,59,95.407925
-197.47711,32,95.439938
-183.68681,26,95.474446
-153.04372,34,95.506968
-169.96825,42,95.539497
-144.94748,38,95.575013
-173.74933,34,95.612478
-249.92908,54,95.653484
-154.15573,30,95.685532
-182.3502,44,95.732265
-162.16545,38,95.772285
-174.42197,47,95.808811
-259.0532,55,95.844609
-119.08872,32,95.87665
-277.64017,39,95.916217
-128.3262,48,95.916217
-203.75854,60,95.948239
-193.56659,38,96.012314
-198.4671,46,96.012814
-146.9454,27,96.049847
-179.89484,32,96.079357
-151.67819,30,96.112387
-159.55173,44,96.150677
-206.55458,50,96.179696
-211.27943,31,96.229605
-164.08705,26,96.26668
-159.6789,53,96.26668
-181.9425,46,96.318272
-161.93605,35,96.348308
-161.85675,55,96.386845
-147.58109,39,96.386845
-162.01855,33,96.431418
-195.76035,38,96.465561
-199.40851,65,96.500279
-167.7153,28,96.541938
-153.24199,37,96.578984
-171.2607,42,96.610538
-177.22278,30,96.646076
-129.58136,64,96.646076
-131.6804,42,96.676399
-166.47668,41,96.723227
-155.82596,39,96.754879
-191.49812,36,96.801623
-125.21918,43,96.844718
-190.09904,46,96.878268
-138.88152,64,96.912892
-203.30498,51,96.942414
-175.92294,39,96.97598
-215.63297,44,97.010053
-168.75412,34,97.044225
-143.29297,75,97.084097
-206.19397,41,97.117384
-166.84285,30,97.147654
-198.02362,50,97.197213
-150.0489,40,97.197213
-196.83865,46,97.239752
-162.48715,29,97.278357
-179.6011,59,97.278357
-155.1293,49,97.313546
-199.59673,26,97.358902
-172.91245,26,97.358902
-225.39136,50,97.394205
-197.48013,46,97.428375
-194.0343,21,97.461051
-161.74268,28,97.502375
-178.32141,43,97.548033
-136.84781,27,97.548033
-173.96965,26,97.582297
-211.21768,48,97.614327
-179.65675,41,97.646341
-176.87773,40,97.675358
-179.1893,44,97.71936
-186.48392,38,97.752376
-194.65091,35,97.794439
-153.773,29,97.794439
-207.51675,41,97.831957
-124.24343,39,97.869979
-129.25862,45,97.911505
-150.105,27,97.942516
-215.60466,40,97.979027
-205.47498,59,98.010608
-168.07564,42,98.045647
-160.79678,41,98.080676
-173.98032,56,98.111693
-175.48097,32,98.154213
-184.90726,32,98.18474
-164.9669,49,98.220262
-154.84555,35,98.26028
-172.56448,35,98.294805
-177.45981,26,98.339833
-189.54073,45,98.372852
-138.02019,44,98.40591
-182.3716,45,98.437699
-181.60677,28,98.472216
-197.94743,45,98.514253
-180.30157,46,98.564283
-203.37799,36,98.599159
-156.04927,34,98.633796
-203.42773,30,98.674813
-125.09895,38,98.709944
-183.58723,48,98.743962
-199.5578,77,98.778146
-182.13783,65,98.821744
-159.05147,33,98.870278
-134.56049,43,98.902912
-204.87616,49,98.947486
-148.92828,33,98.947986
-156.81238,46,98.986173
-241.9451,40,99.027695
-239.82643,54,99.066221
-151.34103,36,99.102235
-179.78874,65,99.136758
-149.29335,38,99.174782
-181.2319,60,99.216309
-130.94164,39,99.257823
-197.2347,62,99.298337
-141.39822,37,99.336974
-235.11742,41,99.336974
-149.74402,58,99.369479
-134.87071,39,99.400516
-184.3105,43,99.44479
-138.20393,37,99.475435
-180.30112,36,99.514914
-238.97363,38,99.560958
-132.46039,46,99.596496
-148.55553,33,99.637627
-145.25008,52,99.637627
-151.68796,54,99.672899
-170.84135,40,99.711936
-155.3682,41,99.747967
-177.95564,29,99.782396
-184.2193,40,99.821567
-120.429596,77,99.850586
-181.33951,32,99.885139
-144.64366,43,99.925289
-190.007,36,99.958328
-210.0493,31,100.00006
-189.53719,37,100.028589
-181.7084,30,100.062592
-129.32596,36,100.10411
-155.76378,31,100.10411
-159.23381,27,100.139622
-173.68475,30,100.179639
-189.61182,22,100.209773
-417.54156,86,100.252296
-199.87508,29,100.293966
-203.72829,41,100.325497
-157.82869,34,100.361521
-203.05289,33,100.392554
-159.11142,36,100.43961
-152.77927,52,100.43961
-136.86392,32,100.483645
-179.53676,36,100.519161
-139.96985,55,100.546265
-142.52032,49,100.583812
-148.33328,32,100.584312
-160.79028,43,100.625362
-142.91425,35,100.659882
-163.65273,30,100.705451
-254.52689,35,100.740484
-152.19978,28,100.774103
-149.93123,51,100.811825
-195.71811,70,100.848859
-127.7887,36,100.88041
-117.838036,51,100.913663
-139.34435,25,100.943673
-157.3668,53,100.970713
-237.8028,27,101.028782
-166.46248,29,101.059313
-184.71173,48,101.092831
-172.22018,46,101.135977
-181.35744,52,101.170653
-140.84033,51,101.19918
-236.89523,70,101.229717
-549.8948,63,101.262489
-161.59418,27,101.292652
-160.3458,27,101.328238
-207.24817,39,101.370968
-137.20119,30,101.406611
-161.68597,36,101.464225
-147.01949,41,101.464725
-173.46867,45,101.501446
-126.396255,37,101.532605
-144.05783,42,101.562133
-177.59349,59,101.606708
-163.4303,22,101.639731
-176.44482,50,101.681769
-123.18231,67,101.728429
-183.7482,40,101.759443
-163.80182,55,101.800255
-142.4612,53,101.831307
-147.4708,40,101.878873
-149.2181,25,101.929913
-132.56366,63,101.929913
-136.67471,80,101.963936
-167.23889,44,101.997038
-161.26117,36,102.029104
-163.82489,78,102.068187
-186.04507,60,102.103204
-140.43143,26,102.133792
-235.19002,28,102.175325
-184.2067,36,102.21436
-181.9364,47,102.21436
-134.64279,36,102.249038
-148.15164,38,102.311054
-250.13222,57,102.340574
-147.03258,53,102.374573
-221.087,40,102.408082
-220.53368,43,102.44335
-171.32079,47,102.47935
-230.8269,60,102.515076
-176.69081,20,102.515076
-163.69214,46,102.545591
-147.29742,44,102.603631
-150.17435,38,102.639667
-143.59795,35,102.671729
-159.70685,38,102.709271
-174.83835,56,102.749812
-125.61314,48,102.783343
-191.79709,68,102.821857
-153.0195,27,102.856904
-137.04782,62,102.893933
-184.60222,44,102.943997
-146.35509,33,102.976042
-160.39392,59,103.009066
-146.83276,54,103.04764
-136.55032,33,103.077159
-164.07407,49,103.108195
-150.0668,35,103.14122
-162.26259,21,103.173231
-166.10608,59,103.217283
-193.0483,39,103.252803
-159.05927,46,103.297835
-165.01846,33,103.331856
-228.72957,45,103.361879
-193.64793,45,103.403402
-155.6372,27,103.403402
-192.28615,40,103.450467
-167.26024,61,103.480492
-137.53464,35,103.530906
-172.53842,50,103.562456
-123.63744,47,103.59609
-132.258,46,103.627691
-99.26971,94,103.659211
-199.85893,62,103.700792
-143.31772,38,103.728348
-160.95834,46,103.769387
-161.33582,24,103.769387
-162.41727,35,103.807423
-211.66461,25,103.837439
-154.41942,32,103.874967
-133.17097,34,103.925065
-130.38615,26,103.925065
-171.43817,51,103.961071
-175.6517,41,103.994592
-171.57239,30,104.038077
-131.69756,38,104.072103
-208.01419,48,104.113132
-167.96152,30,104.145663
-200.23778,26,104.178688
-147.75806,63,104.218047
-163.43993,36,104.257469
-196.53113,45,104.288015
-123.68431,32,104.326046
-151.65651,24,104.359071
-161.23903,25,104.401032
-174.24527,35,104.435577
-183.24057,46,104.465613
-186.88362,38,104.498158
-154.01805,29,104.532453
-190.20386,31,104.565983
-157.58992,42,104.624528
-186.1131,44,104.624528
-164.84024,32,104.671854
-174.0859,40,104.671854
-154.59473,52,104.71209
-157.70811,41,104.748431
-209.83614,51,104.748431
-155.56621,56,104.789245
-160.61823,34,104.823392
-180.25008,16,104.860301
-179.13864,31,104.893453
-141.52548,34,104.931382
-157.98729,45,104.931382
-206.24916,41,104.9824
-150.29929,39,105.02549
-155.16644,28,105.056599
-172.78256,36,105.088204
-158.74374,44,105.123396
-161.36386,47,105.169865
-221.48828,55,105.204744
-173.05594,77,105.237533
-178.89294,37,105.282169
-168.3327,36,105.314817
-145.0245,34,105.346978
-136.28946,58,105.391715
-167.81639,49,105.391715
-170.90877,30,105.433841
-145.48215,42,105.473622
-170.73613,35,105.503724
-163.52078,21,105.541958
-191.40369,36,105.583116
-133.90326,48,105.631659
-163.53693,47,105.632159
-203.9653,41,105.665809
-145.6836,44,105.722565
-177.10855,41,105.754575
-193.84634,56,105.787761
-153.48627,37,105.82141
-195.20244,52,105.856063
-151.85023,43,105.906083
-177.89719,42,105.938604
-157.0338,45,105.970664
-141.12138,30,106.014719
-193.30486,37,106.060224
-199.28488,44,106.095237
-164.14037,30,106.135751
-159.28859,63,106.17877
-569.151,60,106.214789
-191.0059,45,106.248317
-151.54187,39,106.28434
-186.9409,28,106.315917
-169.18523,60,106.358965
-178.02063,52,106.41303
-149.7371,33,106.41303
-182.89857,31,106.444061
-150.8367,27,106.478074
-175.4866,55,106.520234
-133.79422,37,106.553745
-160.92332,45,106.586834
-156.59123,25,106.626858
-172.41226,45,106.666888
-139.70038,31,106.666888
-226.51346,30,113.431891
-154.54726,35,113.468425
-199.77328,57,113.504941
-233.6298,59,113.540955
-163.04883,40,113.574967
-161.93839,24,113.616481
-151.71962,48,113.650521
-134.19043,39,113.68443
-143.13097,65,113.728073
-129.52148,53,113.777554
-168.7455,38,113.815715
-168.7013,47,113.857749
-120.90703,60,113.857749
-189.35863,51,113.9023
-130.0679,70,113.93636
-140.37369,46,113.976382
-149.85452,40,114.018554
-153.41524,34,114.073974
-190.8793,47,114.113478
-151.22266,31,114.14751
-180.02881,45,114.178028
-140.28241,36,114.21328
-144.51517,43,114.266104
-127.77384,42,114.299876
-152.6139,62,114.337217
-116.958145,33,114.365818
-1869.9164,204,114.412635
-133.29422,27,114.447841
-148.76315,60,114.486512
-152.60704,60,114.525981
-198.70326,64,114.525981
-154.65282,32,114.568672
-140.3079,39,114.607492
-173.36034,33,114.607492
-153.7648,35,114.702664
-149.95964,38,114.734274
-138.01503,52,114.770499
-161.9398,47,114.799269
-172.52107,58,114.827309
-164.525,39,114.856961
-153.86537,56,114.903882
-168.53181,60,114.936143
-125.78201,29,114.969762
-136.2496,42,115.002903
-149.90237,37,115.036688
-162.61581,36,115.063304
-143.22534,47,115.099095
-152.06438,41,115.148167
-154.84764,40,115.178207
-165.0979,80,115.214744
-177.85742,44,115.24979
-152.38693,41,115.289806
-120.5337,60,115.340348
-166.29932,51,115.377203
-184.1486,61,115.414724
-141.75461,43,115.453258
-175.6763,47,115.486772
-184.0089,37,115.516516
-148.00005,42,115.544542
-141.13708,36,115.582061
-161.7706,44,115.639641
-134.51909,42,115.674996
-145.83414,36,115.714298
-130.47156,43,115.749333
-185.16736,67,115.794385
-142.37096,61,115.827416
-172.65433,52,115.858927
-202.99786,37,115.90396
-144.72949,39,115.950991
-193.45374,45,115.995532
-134.76433,86,116.028044
-148.59299,38,116.075077
-132.872,53,116.106106
-138.26186,43,116.137044
-169.6881,50,116.182567
-161.93118,27,116.217592
-137.16582,28,116.265111
-153.00066,34,116.304175
-109.37906,69,116.342189
-168.05702,71,116.382807
-156.12335,59,116.431
-128.45467,72,116.466377
-162.44887,50,116.498899
-222.62543,49,116.531415
-147.95847,32,116.576472
-167.13795,36,116.576472
-211.31482,45,116.606491
-215.70686,39,116.653125
-148.09064,39,116.699677
-133.81558,42,116.731631
-161.37738,41,116.762145
-160.8927,35,116.795725
-155.1533,41,116.834746
-191.50989,47,116.868782
-136.88982,34,116.901821
-178.57747,63,116.939406
-148.7321,35,116.984463
-145.6477,33,117.032512
-171.90201,55,117.067538
-185.79251,54,117.067538
-237.49002,53,117.102733
-128.06894,49,117.134614
-140.22452,41,117.168839
-172.88948,49,117.197443
-168.00299,31,117.256999
-195.84195,29,117.256999
-126.92445,49,117.291327
-143.47644,34,117.323967
-177.18796,33,117.364142
-173.8754,40,117.399474
-161.66852,26,117.444691
-139.3502,49,117.482357
-186.11995,33,117.514539
-151.11668,36,117.55642
-133.99539,31,117.585452
-182.77266,40,117.618461
-205.93211,67,117.656513
-177.51021,19,117.700571
-160.17592,48,117.735118
-153.274,38,117.762119
-173.65594,28,117.79371
-133.4185,38,117.82424
-173.06497,45,117.860356
-160.44,35,117.898394
-157.20805,48,117.938403
-160.08904,40,117.977407
-148.77286,38,118.008939
-171.25995,46,118.04847
-147.42014,43,118.085085
-143.08105,46,118.113084
-114.8314,44,118.146605
-128.6574,41,118.198114
-136.31215,32,118.198114
-223.48401,42,118.241768
-137.96274,62,118.276443
-113.212715,41,118.307471
-164.43668,35,118.343512
-140.97195,44,118.376085
-167.61446,43,118.434374
-140.21222,62,118.434374
-155.88857,56,118.477177
-203.12225,44,118.510942
-175.00706,53,118.548973
-175.79836,45,118.58855
-124.36409,57,118.620584
-163.0568,34,118.656134
-189.43529,56,118.689097
-152.72353,38,118.719903
-162.289,37,118.76778
-154.14365,39,118.802243
-138.71678,37,118.835777
-143.80316,39,118.888881
-127.87819,50,118.924893
-148.156,60,118.957926
-172.52272,55,118.991364
-196.30878,62,119.023878
-164.45251,52,119.070407
-123.31269,48,119.070907
-186.05582,37,119.119918
-180.78117,56,119.119918
-141.30037,38,119.162947
-146.3674,44,119.19596
-193.62268,44,119.233976
-128.57568,36,119.264677
-179.85071,37,119.296196
-178.16551,57,119.336245
-179.30783,40,119.375788
-139.29364,45,119.411311
-162.73746,36,119.461778
-157.73431,54,119.498801
-140.1244,36,119.52783
-220.39609,58,119.556845
-149.74574,50,119.590894
-154.68762,39,119.625418
-186.41682,62,119.664949
-161.08182,40,119.664949
-135.50224,36,119.715193
-289.44778,53,119.75123
-139.85577,35,119.784772
-143.4065,39,119.785272
-154.3366,47,119.817827
-172.72395,56,119.861357
-164.07288,44,119.894399
-162.62204,58,119.947929
-130.62068,29,119.947929
-150.12128,47,119.990451
-163.4238,42,120.027973
-208.14122,47,120.062505
-172.40807,52,120.099052
-143.65633,27,120.135556
-144.34406,28,120.165581
-176.01994,54,120.208123
-156.93219,27,120.242748
-163.08698,40,120.281256
-118.564,66,120.317777
-139.90935,34,120.353807
-130.64737,32,120.390316
-121.22708,43,120.43336
-154.73294,38,120.46902
-179.19202,30,120.501097
-166.00507,41,120.537223
-134.29453,81,120.587706
-155.87912,48,120.625244
-168.79413,58,120.667761
-139.34511,40,120.667761
-186.05615,47,120.715425
-190.63876,55,120.755464
-185.77838,70,120.755965
-139.18709,48,120.78655
-137.00693,39,120.831888
-138.8375,34,120.863911
-127.31789,53,120.909454
-183.37482,42,120.909454
-152.43436,27,120.942462
-123.356094,39,120.979007
-151.48721,31,121.029049
-175.29074,42,121.061568
-179.03548,34,121.090539
-157.89786,59,121.122203
-119.24243,34,121.158734
-135.32976,47,121.158734
-147.62921,36,121.203795
-146.59033,69,121.203795
-151.80765,34,121.255841
-143.78377,39,121.301867
-169.62158,43,121.33792
-141.76642,44,121.373471
-165.12346,53,121.409572
-141.31348,60,121.450137
-134.68932,48,121.482862
-153.86182,35,121.515435
-129.92792,41,121.572497
-183.90303,71,121.572497
-175.89288,30,121.612062
-148.78778,47,121.640772
-170.4184,43,121.673823
-139.11171,42,121.712778
-113.91294,61,121.751861
-139.72778,48,121.782622
-145.82722,31,121.815319
-165.39725,27,121.849555
-150.67761,38,121.880452
-179.98006,28,121.928029
-131.67995,44,121.971526
-186.8815,55,122.002943
-219.53189,62,122.044494
-187.6596,33,122.074491
-164.93478,39,122.110001
-157.27594,29,122.145936
-161.1015,57,122.182969
-163.22751,58,122.216004
-181.21594,38,122.255524
-163.30905,32,122.289528
-167.26906,35,122.332933
-181.2459,33,122.380955
-147.40895,53,122.416999
-179.29324,23,122.416999
-124.72418,66,122.452526
-129.59798,42,122.482412
-161.96593,54,122.52192
-174.4068,38,122.557924
-126.339165,32,122.613446
-138.2187,44,122.613446
-154.19077,33,122.645444
-171.41643,28,122.688463
-180.9117,49,122.725525
-131.24051,45,122.757544
-200.32443,53,122.799068
-160.53436,41,122.848254
-156.06398,58,122.88629
-165.04446,44,122.88629
-144.95753,28,122.919795
-145.19327,47,122.953304
-129.3322,30,122.992304
-173.76506,47,123.030312
-153.17563,59,123.068844
-166.53262,39,123.129394
-182.35309,46,123.167408
-146.95401,42,123.208942
-197.36166,57,123.247447
-122.03064,66,123.287966
-194.9105,66,123.32247
-175.05876,53,123.364995
-138.72043,56,123.412025
-162.96864,37,123.445542
-169.93585,44,123.482436
-169.85703,35,123.514437
-122.13936,38,123.55044
-182.56232,29,123.581456
-143.4524,39,123.615957
-140.39241,32,123.662966
-167.04831,25,123.663466
-135.35759,41,123.693992
-148.75479,48,123.746008
-154.70537,31,123.778533
-135.4547,41,123.814056
-187.90778,49,123.85258
-153.57008,35,123.886595
-149.83197,66,123.927112
-149.28845,45,123.96394
-166.40698,33,124.004447
-117.22088,53,124.03696
-159.84645,30,124.070318
-161.57277,23,124.115378
-130.37292,47,124.148134
-166.14172,39,124.201028
-159.66185,30,124.231839
-135.8243,53,124.265608
-142.00165,59,124.299657
-188.19748,39,124.335204
-175.78986,49,124.375244
-152.82312,45,124.422828
-163.2911,51,124.454013
-211.91446,41,124.496109
-124.80363,38,124.524637
-193.12231,35,124.556236
-177.14381,41,124.602562
-168.40611,61,124.633226
-210.18294,63,124.672662
-142.20837,44,124.709092
-149.20874,33,124.743971
-126.272415,40,124.778641
-130.85463,49,124.810629
-158.51195,47,124.849982
-158.97498,36,124.886587
-167.11479,35,124.9213
-136.1329,25,124.96001
-158.90422,28,124.993828
-197.48293,46,125.02859
-207.34077,44,125.064347
-154.16254,40,125.064347
-169.80736,27,125.103958
-167.46255,39,125.147851
-161.4117,27,125.189085
-168.96823,31,125.224299
-187.51208,31,125.254153
-153.71637,41,125.290176
-161.09737,55,125.332264
-129.25787,30,125.366899
-155.1765,76,125.398256
-193.09332,47,125.437259
-133.4483,30,125.49918
-161.24783,42,125.529464
-147.74617,50,125.557536
-149.17159,50,125.589065
-135.24295,39,125.626606
-186.62387,60,125.662188
-175.67102,47,125.700511
-148.1851,44,125.735536
-155.03604,28,125.771038
-128.6842,44,125.825571
-169.87259,41,125.825571
-180.98564,47,125.868086
-171.33833,30,125.900092
-181.80597,66,125.938604
-172.86932,57,125.977618
-145.39644,69,126.026764
-142.57115,45,126.05929
-142.88443,47,126.091944
-128.76883,41,126.129479
-136.92636,77,126.163578
-177.84143,58,126.216247
-138.82602,53,126.255275
-142.46797,35,133.415605
-149.97227,30,133.415605
-148.19168,64,133.452657
-127.50401,40,133.452657
-138.18578,42,133.489831
-139.92159,43,133.533856
-205.7508,47,133.593907
-124.834915,35,133.593907
-132.35507,38,133.63094
-128.67194,38,133.669006
-211.07632,48,133.703038
-166.93132,50,133.738048
-144.81021,46,133.786612
-158.04166,31,133.824292
-141.57199,36,133.860331
-104.48709,83,133.909361
-128.69113,43,133.941882
-138.6221,42,133.972908
-150.74701,55,134.01094
-134.07979,33,134.04545
-139.62434,49,134.104552
-119.76967,72,134.144079
-129.84027,37,134.177226
-158.71774,38,134.208355
-142.18712,58,134.242601
-122.51791,58,134.287852
-131.78297,35,134.325383
-125.06026,66,134.369425
-146.98169,27,134.411453
-142.66444,48,134.4475
-164.57642,83,134.513049
-138.81204,56,134.546353
-168.13452,55,134.586865
-138.11314,33,134.628891
-133.70561,80,134.677907
-151.46326,30,134.710933
-139.5429,41,134.752435
-128.26387,33,134.784967
-157.15889,67,134.827993
-139.56978,45,134.866023
-144.16154,29,134.914533
-125.522095,33,134.953229
-137.03865,37,135.003863
-164.97539,62,135.003863
-115.811195,49,135.052934
-131.62126,43,135.085459
-133.71016,76,135.127514
-120.3949,43,135.17154
-138.59305,52,135.207605
-149.77419,65,135.239613
-132.54262,47,135.280313
-115.70396,52,135.318335
-135.85684,44,135.35938
-136.96092,62,135.416452
-161.65135,54,135.463763
-113.308464,66,135.496302
-121.72636,44,135.531328
-171.89972,40,135.570863
-110.48716,65,135.607885
-169.60681,66,135.644388
-116.126434,55,135.680899
-130.70103,31,135.7279
-159.91054,50,135.789947
-146.16475,42,135.826163
-101.89912,54,135.869182
-127.3038,37,135.904211
-122.78206,70,135.940728
-127.63648,55,135.979251
-164.36272,72,136.033775
-148.03363,40,136.070802
-177.99731,22,136.103309
-134.21841,41,136.135818
-137.6224,34,136.172843
-185.27725,42,136.21185
-147.09645,39,136.270367
-146.39131,26,136.30612
-137.82256,41,136.339638
-154.64694,69,136.37714
-215.00772,61,136.431762
-607.1302,177,136.471138
-127.8234,67,136.506155
-140.50386,41,136.537388
-111.36661,74,136.56899
-134.0225,46,136.610036
-158.62221,47,136.649248
-145.82295,37,136.686044
-222.73691,64,136.720421
-119.08375,34,136.751444
-137.93474,33,136.806836
-135.87172,58,136.848136
-146.73985,32,136.848136
-155.43642,47,136.875741
-121.081116,57,136.906853
-172.10066,67,136.947499
-155.76343,36,137.002931
-134.88812,63,137.038646
-101.20641,70,137.073758
-141.8151,41,137.103008
-137.86948,43,137.137535
-122.727196,43,137.168928
-118.66151,52,137.210093
-193.66708,52,137.250661
-132.31612,36,137.297487
-134.86038,35,137.348053
-169.20183,50,137.382562
-137.49365,51,137.422591
-151.01817,57,137.465112
-124.89928,71,137.465613
-136.65382,80,137.514337
-169.43423,30,137.550363
-304.28696,66,137.590909
-108.81795,45,137.62899
-118.02033,48,137.681571
-125.39431,33,137.681571
-184.49261,57,137.730856
-148.62598,81,137.730856
-169.31657,65,137.762379
-131.32455,38,137.7989
-162.17044,51,137.83091
-144.93001,44,137.875924
-147.58646,34,137.906937
-142.20222,37,137.952355
-134.5013,49,137.98587
-132.22981,40,138.018905
-136.25745,36,138.060936
-135.0633,49,138.060936
-145.6716,47,138.098959
-131.94542,37,138.133941
-143.48674,42,138.169979
-131.82999,33,138.210508
-140.19592,32,138.248535
-123.25086,45,138.277544
-169.63496,43,138.311098
-131.96265,39,138.34262
-135.13663,36,138.38532
-182.04617,42,138.429487
-128.23602,45,138.476279
-115.406944,40,138.509331
-143.74918,35,138.542854
-151.11882,73,138.580389
-127.879875,52,138.619905
-117.735794,61,138.662404
-169.74866,36,138.662404
-136.86133,46,138.691937
-150.25314,30,138.734461
-124.339874,40,138.774983
-129.22464,38,138.816586
-142.2992,36,138.862614
-137.64763,45,138.911147
-122.93798,50,138.911147
-123.997955,31,138.950722
-124.53061,45,138.950722
-143.63417,68,138.984248
-109.25795,48,139.025297
-143.23955,35,139.059361
-156.74794,29,139.111393
-248.38777,47,139.152923
-147.8014,39,139.182927
-152.33496,39,139.213439
-149.25964,50,139.252948
-135.10521,58,139.295977
-112.299736,47,139.328987
-134.44838,34,139.374015
-186.83215,36,139.407533
-102.1458,69,139.443564
-147.37868,61,139.488079
-141.11157,34,139.51759
-147.49683,34,139.55512
-144.5629,45,139.55512
-138.24532,54,139.581638
-131.87804,40,139.628767
-118.85014,48,139.672821
-116.223206,48,139.709771
-150.12279,50,139.757302
-118.41288,51,139.787929
-125.33205,48,139.820933
-117.368965,68,139.878964
-142.87038,35,139.878964
-122.67037,56,139.915478
-137.56099,74,139.946978
-130.68803,47,139.979562
-148.244,29,140.010086
-134.60947,38,140.053113
-137.28888,27,140.104587
-166.3131,33,140.138643
-119.41,74,140.190652
-166.21935,48,140.22336
-136.6337,55,140.25363
-149.13966,46,140.304202
-142.81572,57,140.304202
-152.11328,33,140.342469
-173.11797,27,140.397743
-125.79989,82,140.397743
-132.40033,47,140.430507
-143.90132,28,140.471998
-146.96803,38,140.509869
-144.73413,57,140.545989
-135.11147,30,140.579086
-121.14212,47,140.614037
-136.29489,69,140.655169
-154.26193,31,140.703838
-149.36827,24,140.744014
-132.88852,56,140.778645
-126.7107,34,140.82004
-144.69696,50,140.82004
-126.23619,38,140.862056
-123.504364,75,140.905066
-131.10074,40,140.94075
-199.89494,30,140.973754
-134.91193,36,141.024253
-201.2442,45,141.069408
-198.11409,51,141.101432
-125.14343,39,141.135796
-154.54886,61,141.181382
-110.59398,61,141.224423
-123.61987,57,141.271942
-133.77847,44,141.271942
-187.65042,37,141.31312
-122.743065,62,141.31312
-190.55438,42,141.356169
-133.40695,29,141.39654
-158.07434,48,141.433567
-125.94921,35,141.488606
-144.35004,40,141.521277
-184.18822,45,141.565933
-107.60632,62,141.565933
-151.505,33,141.605473
-125.96008,44,141.637976
-133.73218,43,141.680996
-118.35472,70,141.723511
-153.10118,35,141.768155
-138.30226,35,141.768155
-159.27403,32,141.805683
-157.1806,48,141.864254
-183.92133,69,141.905264
-138.20865,29,141.905264
-112.599266,72,141.939288
-136.53876,37,141.975489
-135.94936,61,142.018964
-132.99435,45,142.051737
-139.19492,61,142.088273
-179.0805,29,142.123898
-140.70547,37,142.154918
-172.41245,37,142.21745
-125.44014,33,142.246114
-161.06921,62,142.281158
-165.5005,66,142.314511
-190.57474,40,142.352051
-138.06607,64,142.398124
-152.30815,55,142.430222
-142.49109,30,142.468475
-151.87834,42,142.512023
-140.67445,36,142.541049
-139.6128,37,142.57562
-137.60173,97,142.605144
-159.9451,50,142.658798
-137.87802,40,142.697087
-124.66477,51,142.733224
-155.75781,35,142.769248
-151.64423,39,142.800697
-128.70697,44,142.835732
-130.09392,49,142.880262
-144.3157,74,142.913271
-173.24551,38,142.944296
-137.1204,28,142.981311
-145.48132,32,143.01684
-142.35115,59,143.069859
-179.99648,50,143.109399
-154.72507,64,143.143404
-145.65562,40,143.177431
-142.48453,34,143.209442
-157.94911,55,143.255445
-162.75015,61,143.28646
-115.714516,47,143.318976
-135.98715,32,143.360496
-113.75896,41,143.399105
-130.41623,39,143.439114
-136.64977,37,143.470138
-155.04431,34,143.51589
-147.07243,34,143.551017
-158.24641,37,143.585564
-153.47523,58,143.62111
-145.9735,28,143.657793
-164.78574,34,143.692654
-181.3217,51,143.728844
-146.40129,59,143.774257
-129.3375,42,143.80482
-131.83904,31,143.843872
-246.52866,31,143.883931
-125.34537,47,143.919984
-174.12868,56,143.953812
-140.70592,72,143.995033
-124.473206,50,144.030044
-139.60684,42,144.066058
-192.9813,44,144.109599
-133.84656,56,144.14511
-125.84146,47,144.179146
-120.18945,56,144.228231
-130.02896,44,144.261252
-133.75145,56,144.292279
-136.99704,52,144.336837
-136.00589,44,144.387268
-170.4212,66,144.430172
-176.49487,51,144.430172
-152.2732,35,144.464687
-141.57053,41,144.512271
-126.639175,47,144.549781
-142.18677,77,144.585289
-130.31355,38,144.63432
-147.32431,40,144.674855
-153.39249,47,144.714011
-242.38426,68,144.747016
-149.4182,34,144.783021
-131.45555,57,144.813904
-234.7209,28,144.851431
-120.006615,52,144.882941
-136.17007,48,144.915979
-130.85687,39,144.976073
-126.20693,30,145.014099
-137.86041,49,145.053107
-124.32442,44,145.08665
-146.18842,61,145.11616
-123.607346,43,145.147681
-143.43054,55,145.181194
-216.9798,47,145.210437
-120.766884,42,145.268564
-126.13042,38,145.30457
-197.80647,44,145.338583
-153.16948,33,145.368587
-200.80412,59,145.399639
-123.12681,40,145.437658
-121.89311,48,145.473275
-126.8631,77,145.536801
-144.46796,31,145.570841
-123.139854,43,145.609379
-144.04927,48,145.645965
-135.67653,51,145.679991
-137.2825,44,145.718045
-173.40857,57,145.718546
-149.71806,33,145.788544
-120.932846,38,145.818057
-99.03036,100,145.857065
-144.96884,39,145.885568
-105.60036,59,145.918503
-205.4808,67,145.969008
-135.02325,60,145.969008
-135.29488,55,153.077687
-125.77645,41,153.131733
-134.2595,42,153.17303
-114.76219,52,153.211538
-110.4402,53,153.245051
-161.40509,39,153.275078
-114.137375,64,153.340038
-126.27204,46,153.376613
-186.95471,91,153.412176
-146.1973,49,153.468807
-158.04317,88,153.469311
-122.95414,58,153.510826
-132.12616,61,153.547334
-165.91986,35,153.576349
-136.47415,33,153.62685
-168.95395,97,153.666353
-133.77676,31,153.700798
-119.69875,42,153.752311
-105.77084,83,153.785018
-119.13064,82,153.821036
-143.26718,29,153.89019
-95.27983,76,153.932706
-123.18112,58,153.969484
-159.6803,101,154.005485
-128.3916,65,154.040056
-148.76341,46,154.075077
-122.61113,75,154.075577
-123.948044,37,154.143051
-128.13654,81,154.184254
-124.34307,48,154.224859
-147.20367,62,154.260661
-124.21411,57,154.297784
-175.4144,52,154.359549
-122.88335,80,154.395622
-134.37894,50,154.429704
-128.86037,51,154.477255
-93.661674,89,154.477255
-123.99492,48,154.477255
-117.51218,111,154.533491
-119.785965,63,154.56602
-147.40639,32,154.595543
-130.18764,40,154.644726
-122.92614,64,154.685244
-142.5752,54,154.722423
-144.5824,56,154.751935
-140.43576,38,154.787957
-143.44655,77,154.825491
-138.24736,58,154.873504
-110.254295,62,154.905006
-146.26334,44,154.951992
-112.695984,49,154.984006
-108.37873,39,155.016016
-141.58998,43,155.063516
-125.765526,54,155.064016
-105.880035,91,155.119534
-140.44594,36,155.15455
-123.16867,51,155.186558
-135.22116,54,155.241084
-129.73561,50,155.279099
-144.85852,28,155.31211
-139.80789,31,155.344137
-127.592926,85,155.374666
-123.60818,44,155.419149
-101.90932,65,155.419149
-130.62234,79,155.448158
-134.31282,37,155.511714
-117.96727,45,155.546221
-149.74844,52,155.583766
-197.63005,59,155.617278
-113.317535,82,155.666976
-172.95903,63,155.69752
-121.89226,47,155.741029
-135.70163,43,155.768529
-109.51126,79,155.799533
-107.77446,96,155.84907
-134.19055,40,155.88257
-118.67188,46,155.921588
-138.78583,38,155.963866
-119.460846,76,155.963866
-133.12505,74,155.995377
-119.7995,45,156.033392
-164.01915,41,156.081405
-114.21259,51,156.158513
-151.04616,46,156.196014
-132.56972,40,156.230535
-116.16881,52,156.262546
-184.1886,63,156.295389
-111.982925,58,156.327889
-127.59332,43,156.367414
-138.84422,108,156.397678
-128.49931,36,156.433725
-126.591644,30,156.478736
-116.7654,47,156.522759
-175.01465,41,156.55677
-149.75972,40,156.592778
-215.21051,68,156.634781
-128.48221,73,156.668302
-117.31073,54,156.710314
-145.68652,51,156.74833
-155.20724,41,156.795835
-143.12442,47,156.795835
-100.10564,86,156.838411
-137.24216,56,156.838911
-139.97368,40,156.878924
-155.90686,41,156.916425
-137.62471,29,156.949943
-103.13152,70,156.985471
-108.80209,48,157.033093
-146.92706,88,157.062601
-128.34747,47,157.117135
-134.58305,49,157.163179
-100.9339,55,157.194407
-136.66502,96,157.228955
-116.367905,79,157.260463
-166.81595,99,157.291
-163.46109,58,157.338108
-193.0134,58,157.367135
-117.85962,46,157.40699
-143.72812,40,157.442833
-128.51828,47,157.482921
-138.9346,50,157.521628
-140.77284,39,157.559231
-107.189995,65,157.59671
-131.34671,35,157.626928
-128.54938,69,157.659686
-117.493744,59,157.691939
-127.30571,34,157.7416
-114.639305,52,157.776217
-135.05188,46,157.833891
-118.09062,64,157.863905
-121.46338,51,157.909432
-132.30136,59,157.945447
-179.46968,122,157.997475
-153.8052,62,158.033494
-114.60098,42,158.062505
-157.05061,94,158.095017
-138.78943,72,158.128544
-151.33661,50,158.161556
-142.92448,39,158.233603
-156.82317,65,158.233603
-108.62382,50,158.274616
-122.54314,55,158.31364
-109.00219,89,158.344154
-139.57538,60,158.387519
-113.76492,66,158.41918
-126.61317,88,158.463709
-140.00879,41,158.463709
-137.23701,37,158.513271
-121.92897,40,158.561783
-132.50609,40,158.600303
-142.28598,74,158.631827
-140.73555,67,158.65884
-122.952324,49,158.695869
-132.32387,62,158.726387
-145.63652,95,158.760905
-138.19054,33,158.82144
-132.676,39,158.853456
-131.17694,41,158.885865
-148.1296,74,158.919902
-113.86381,63,158.953916
-127.908035,45,158.982431
-157.34077,67,159.036473
-109.92226,66,159.069486
-143.29326,48,159.110023
-133.71808,47,159.151038
-135.63402,35,159.151538
-159.75624,71,159.201557
-120.64286,36,159.239584
-147.67679,32,159.283098
-112.74874,81,159.323111
-144.4278,88,159.370147
-113.934654,58,159.408171
-170.35452,55,159.443688
-129.97377,71,159.481212
-137.33899,30,159.524732
-122.69058,41,159.554245
-104.66184,71,159.603564
-129.48895,39,159.645099
-145.0702,80,159.675617
-134.52116,48,159.704638
-123.62524,42,159.742655
-106.26269,64,159.777683
-124.940765,33,159.833853
-112.81696,67,159.867864
-122.425896,87,159.89688
-127.09883,55,159.927398
-139.87234,52,159.968916
-116.52881,57,160.002926
-131.05324,36,160.056496
-114.453636,69,160.092024
-118.981735,51,160.129046
-142.9969,49,160.163561
-106.36823,60,160.204582
-166.22844,49,160.236608
-127.39636,90,160.275132
-154.50836,35,160.320183
-121.09103,67,160.359707
-123.68115,53,160.412729
-147.73155,40,160.450252
-143.76836,59,160.490265
-133.62164,35,160.490265
-153.10876,33,160.528797
-128.86119,56,160.528797
-119.49005,111,160.601322
-118.55762,61,160.649541
-136.88577,52,160.683057
-135.2313,51,160.720598
-87.93004,106,160.750114
-103.72909,59,160.784121
-210.5525,75,160.828159
-139.99576,71,160.867177
-114.23366,56,160.917206
-134.36383,37,160.950229
-146.01614,47,160.980738
-121.90891,47,161.020477
-111.7283,60,161.060995
-113.29391,60,161.101006
-135.14171,40,161.101006
-114.10616,51,161.139315
-122.56937,42,161.19383
-173.61278,36,161.226848
-145.8656,45,161.261867
-129.18234,34,161.305396
-140.88354,47,161.347928
-132.72401,44,161.378439
-161.56784,44,161.415973
-146.2666,93,161.476499
-138.39099,36,161.476499
-111.64557,50,161.507032
-152.36627,61,161.552565
-130.83783,37,161.581087
-92.73347,76,161.629116
-126.58685,74,161.678145
-112.23097,50,161.716181
-120.60782,77,161.716181
-162.32188,62,161.766205
-121.28243,47,161.766705
-136.50854,62,161.800246
-148.89182,62,161.849272
-136.28148,38,161.891301
-117.89904,44,161.927827
-134.36307,35,161.973344
-176.8894,49,161.973344
-112.06866,73,162.012376
-124.86346,44,162.04089
-139.31989,37,162.10893
-117.1228,78,162.144953
-130.62189,53,162.175967
-109.16207,58,162.219989
-142.09093,57,162.257502
-122.28963,54,162.293018
-118.88167,57,162.328918
-165.84196,95,162.37344
-116.08927,39,162.432978
-136.15118,55,162.470998
-151.93065,56,162.471499
-128.6991,58,162.519047
-118.89435,48,162.519047
-220.5079,86,162.566563
-121.06674,36,162.611586
-141.72061,38,162.647115
-171.77203,72,162.647115
-116.40646,33,162.685635
-118.30052,73,162.722171
-121.04255,59,162.760685
-139.4072,51,162.814722
-127.23137,51,162.858736
-97.48361,80,162.89525
-137.79913,48,162.939271
-122.723885,73,162.972786
-138.02666,67,163.010296
-140.99615,47,163.049828
-142.46707,35,163.081344
-113.215096,83,163.109856
-119.06664,42,163.145867
-172.06232,91,163.145867
-120.99615,54,163.227028
-130.59735,61,163.258218
-132.07127,50,163.296238
-193.70734,51,163.331836
-137.60378,59,163.36786
-135.05418,59,163.403886
-97.93316,69,163.448406
-142.90018,50,163.510442
-120.19827,41,163.550966
-117.39178,62,170.242911
-105.27717,56,170.273425
-127.00113,130,170.304935
-128.9323,54,170.33546
-139.53023,45,170.373482
-116.94494,77,170.418506
-125.345535,47,170.465517
-123.65292,36,170.497534
-121.345345,54,170.545052
-115.1438,54,170.586066
-121.47383,45,170.628083
-118.71593,66,170.66179
-130.2253,75,170.694812
-115.2275,73,170.731841
-117.52288,50,170.765357
-139.4186,29,170.804879
-112.14372,58,170.834894
-127.810356,56,170.916923
-85.933075,83,170.950444
-113.68639,65,170.981462
-129.89969,49,171.023989
-132.72629,66,171.063008
-143.79784,77,171.118534
-116.78553,48,171.160991
-113.66207,100,171.191003
-101.068085,128,171.226015
-126.97037,52,171.258052
-105.751465,64,171.29857
-151.13966,52,171.366548
-127.38708,82,171.400574
-144.26193,41,171.429082
-149.43768,43,171.4706
-99.44289,92,171.51065
-118.61179,79,171.564676
-117.01182,79,171.59669
-137.06517,49,171.641709
-128.65942,45,171.678728
-88.28589,109,171.718259
-87.4177,86,171.77498
-91.36737,97,171.814003
-129.1897,63,171.849017
-115.25166,62,171.880029
-114.70233,62,171.943557
-154.15118,75,171.943557
-108.3321,74,171.979573
-135.07822,51,172.018435
-117.25788,122,172.048697
-138.3451,41,172.079711
-140.86156,62,172.126727
-126.68272,57,172.192751
-105.52809,68,172.22677
-135.63365,74,172.264291
-78.37579,106,172.2988
-140.68884,65,172.332316
-131.77293,60,172.376336
-141.98311,89,172.423367
-120.882385,45,172.455879
-149.22176,40,172.494402
-109.01778,53,172.552936
-139.92366,64,172.552936
-136.6632,44,172.587951
-103.3146,135,172.62906
-131.76802,49,172.664577
-150.45134,56,172.71815
-140.44298,97,172.755666
-126.7909,46,172.786679
-190.63483,75,172.821207
-130.95023,56,172.85823
-110.194214,56,172.897745
-134.76245,41,172.947879
-125.63909,55,172.986406
-121.4473,53,173.03393
-92.98712,103,173.03393
-95.69611,85,173.065443
-110.667114,47,173.097457
-130.74225,36,173.164479
-99.630775,63,173.203501
-123.088455,85,173.24101
-121.110306,54,173.270961
-106.51866,65,173.301472
-147.04341,63,173.346983
-136.24495,38,173.393511
-79.59581,134,173.430531
-137.61835,36,173.476067
-108.69874,48,173.520084
-135.4513,44,173.5576
-127.351074,114,173.601118
-127.125824,53,173.647138
-150.71945,93,173.691163
-109.93679,70,173.726678
-111.84206,95,173.76086
-123.20455,40,173.792183
-112.46472,62,173.826705
-95.231834,72,173.889233
-118.62417,49,173.936748
-136.56589,49,173.98277
-125.20148,68,173.98277
-91.74478,86,174.016786
-134.27101,54,174.04931
-126.068985,64,174.082824
-121.71972,83,174.144852
-118.704765,45,174.176867
-130.19965,38,174.206382
-128.8496,81,174.258896
-130.86633,70,174.310908
-103.04038,85,174.354431
-113.41014,84,174.395454
-120.03659,57,174.460716
-131.10823,50,174.510759
-122.6528,34,174.547297
-164.92686,94,174.587334
-108.36274,46,174.631206
-147.1435,114,174.683238
-106.089355,50,174.741462
-121.945625,39,174.779464
-131.55617,38,174.835132
-60.448944,150,174.871142
-103.948555,66,174.915704
-103.47908,72,174.950303
-137.58688,73,174.950303
-130.62868,45,174.995822
-1104.0171,212,175.041365
-106.81838,58,175.074419
-116.59986,48,175.108439
-117.021576,51,175.159457
-143.49547,64,175.194469
-131.29855,39,175.237481
-99.40017,75,175.27499
-128.0581,79,175.309504
-111.95033,61,175.352727
-115.32087,45,175.41027
-132.52823,46,175.456759
-109.963745,68,175.495821
-126.7721,92,175.528331
-98.04411,70,175.636398
-101.71671,75,175.69411
-114.09049,54,175.729482
-134.57973,56,175.768513
-128.10593,73,175.815047
-115.87865,34,175.846568
-115.3383,72,175.881583
-91.06278,99,175.913089
-113.80144,94,175.947077
-120.698524,44,176.00962
-112.17724,57,176.076198
-128.81355,50,176.076198
-136.20235,75,176.109712
-121.9268,65,176.161293
-107.54862,80,176.218335
-131.68628,51,176.256341
-102.11051,83,176.301362
-84.034424,120,176.345429
-126.06593,43,176.377966
-115.83143,56,176.421002
-130.24303,45,176.474022
-108.284164,67,176.524547
-123.04469,58,176.524547
-107.99066,85,176.557053
-124.228065,68,176.610575
-131.8113,56,176.652587
-121.59105,45,176.686604
-98.853004,75,176.721629
-154.11703,44,176.767166
-128.55571,44,176.767166
-99.94546,107,176.826199
-118.826195,67,176.855204
-110.301094,48,176.89773
-98.93296,52,176.953259
-140.24443,71,176.999037
-148.29773,65,177.031058
-116.297,51,177.073079
-132.32323,47,177.112099
-122.051315,88,177.143612
-104.83801,113,177.186618
-143.09035,39,177.22964
-152.91151,37,177.260655
-144.99431,56,177.298685
-106.652,105,177.359219
-115.87569,51,177.392732
-128.15854,48,177.451258
-102.837616,65,177.491773
-98.09553,54,177.521781
-128.46877,49,177.552291
-113.2652,86,177.585801
-118.19399,84,177.622819
-123.78165,51,177.672348
-160.55017,57,177.718392
-127.60822,43,177.755402
-109.99011,44,177.793936
-101.94063,53,177.834947
-109.253914,59,177.872953
-117.83536,55,177.907467
-127.362305,40,177.953489
-123.670296,72,177.988004
-138.64148,51,178.016012
-141.52745,47,178.054588
-135.80212,40,178.097597
-141.46689,45,178.134106
-128.20607,97,178.19262
-134.63062,68,178.19262
-109.15242,50,178.23264
-140.65532,55,178.289151
-131.87794,66,178.32767
-134.43976,69,178.363264
-136.92383,50,178.421785
-116.626526,50,178.457304
-127.52937,35,178.49883
-102.69537,85,178.540346
-127.7692,69,178.540346
-108.52312,98,178.581865
-113.18667,60,178.617369
-155.58916,61,178.652879
-124.18733,39,178.686899
-117.75392,77,178.758925
-103.537926,65,178.793955
-131.58357,72,178.82246
-97.56068,68,178.85058
-132.93425,44,178.879092
-121.280914,66,178.916602
-126.8371,62,178.945613
-137.42499,37,178.996638
-100.98695,84,179.039165
-120.98866,38,179.084189
-132.2908,46,179.084189
-124.60987,44,179.125208
-126.295715,51,179.125208
-98.2592,63,179.168729
-140.08842,44,179.211747
-110.09957,97,179.271772
-129.76915,56,179.313292
-126.91929,52,179.358822
-116.38225,66,179.394858
-110.39142,59,179.440382
-113.29556,48,179.48642
-100.88727,95,179.52443
-130.66498,55,179.573458
-79.39187,130,179.61797
-108.921936,57,179.650481
-132.44667,55,179.681493
-105.092415,135,179.728029
-123.035614,50,179.778549
-112.363045,67,179.810073
-111.45776,60,179.844608
-118.607086,48,179.890121
-137.05768,63,179.946285
-115.662834,78,179.978297
-119.837425,43,180.021825
-160.42528,51,180.054836
-109.12246,67,180.081346
-102.694786,82,180.11736
-130.71715,56,180.117859
-132.55922,43,180.178887
-116.30821,53,180.224403
-117.00341,42,180.256922
-126.03265,48,187.385886
-120.64721,45,187.413902
-132.46132,56,187.445419
-125.824585,93,187.483951
-147.93985,43,187.526957
-110.50612,58,187.599998
-133.19902,68,187.631528
-132.5695,58,187.670995
-92.46696,81,187.713586
-131.34534,61,187.750091
-79.15267,102,187.796119
-50.84536,154,187.837139
-111.58507,73,187.900162
-98.21171,69,187.95571
-97.66838,71,187.993223
-91.33818,89,188.058763
-75.527954,186,188.089777
-49.575882,132,188.133294
-140.59183,99,188.167307
-103.22706,70,188.225323
-135.72894,179,188.266344
-116.83385,47,188.30636
-110.309204,60,188.337872
-114.57876,72,188.382387
-67.707306,132,188.416402
-94.70961,67,188.45943
-112.97623,79,188.539473
-113.357506,56,188.571491
-100.24017,68,188.60228
-42.54753,166,188.642797
-104.90211,61,188.684312
-114.24588,77,188.729342
-77.91272,111,188.792901
-143.73083,53,188.792901
-116.38234,47,188.827425
-99.155266,56,188.884451
-106.81372,83,188.923974
-112.917786,52,188.958498
-82.25013,92,189.001024
-44.43345,133,189.039813
-112.12821,46,189.071352
-119.064514,64,189.121883
-132.57504,67,189.216918
-78.19385,94,189.247432
-102.65312,91,189.281941
-104.760864,126,189.323547
-84.286285,93,189.355478
-121.08306,88,189.385487
-111.94025,50,189.452532
-50.780624,137,189.485044
-134.26921,43,189.527057
-105.95846,52,189.571072
-117.164276,126,189.604585
-84.27527,89,189.662619
-93.110916,81,189.662619
-94.00793,104,189.703641
-112.81877,64,189.747145
-113.08975,45,189.809253
-98.83458,82,189.842266
-103.92693,73,189.870273
-155.08208,50,189.898288
-86.48395,99,189.932802
-105.82764,80,190.026859
-108.336876,76,190.088396
-103.77034,88,190.127409
-69.55372,159,190.161423
-115.908165,94,190.199949
-62.20583,149,190.238459
-92.08622,80,190.291476
-116.286194,53,190.330498
-124.5507,78,190.385016
-89.66644,160,190.419216
-110.869095,58,190.459234
-118.44731,71,190.490748
-94.33198,85,190.528263
-33.20272,201,190.590291
-95.66866,94,190.654825
-115.89603,59,190.688344
-111.506744,76,190.721368
-96.99464,111,190.77339
-121.28318,63,190.818916
-89.54106,93,190.85343
-140.28885,47,190.89445
-56.37226,118,190.932469
-67.99826,129,190.966485
-118.12786,69,191.057051
-112.410965,52,191.095566
-78.78217,89,191.095566
-81.62027,82,191.144397
-91.692055,141,191.193417
-75.141464,147,191.233434
-123.13383,51,191.315464
-94.29095,148,191.35751
-115.15404,111,191.409038
-102.40344,109,191.438551
-46.543087,166,191.474703
-103.060295,84,191.512862
-90.01535,113,191.545371
-111.14113,55,191.596401
-119.07655,47,191.649925
-115.79413,59,191.682438
-37.054623,199,191.754972
-113.79796,78,191.791999
-81.95288,129,191.826519
-122.545975,49,191.862534
-108.73473,87,191.91005
-73.01188,111,191.943562
-108.3487,125,191.977585
-85.754196,112,192.062732
-112.94434,79,192.104242
-109.80375,92,192.161758
-73.35986,96,192.203774
-69.54405,117,192.243787
-114.45809,83,192.243787
-132.17403,45,192.280305
-102.38237,88,192.313318
-125.53375,57,192.369003
-454.89716,122,192.415026
-130.71701,35,192.44804
-112.65698,52,192.494075
-111.858864,65,192.530091
-109.20735,76,192.58211
-82.26573,113,192.637637
-102.52508,99,192.677653
-109.80129,66,192.723171
-115.980736,95,192.75368
-97.72527,85,192.785192
-115.930565,59,192.831205
-125.19709,38,192.860713
-86.931046,108,192.929235
-137.40617,53,192.960748
-90.75979,140,193.001271
-114.39168,45,193.032917
-103.57345,60,193.087438
-93.69943,83,193.124957
-105.15841,48,193.187485
-95.93712,65,193.224263
-77.93489,120,193.266785
-59.981377,150,193.320302
-105.79898,76,193.320302
-129.84735,63,193.364325
-113.9803,78,193.403352
-120.61252,52,193.439366
-104.82394,128,193.493907
-92.36191,99,193.563046
-98.543945,93,193.641592
-85.08623,115,193.674101
-91.14918,131,193.736143
-118.282394,129,193.781668
-60.764297,157,193.813566
-58.198753,193,193.87059
-137.95293,141,193.905606
-87.48581,80,193.944638
-109.06427,49,193.991158
-73.469505,132,194.025179
-101.33082,70,194.060202
-80.42789,100,194.095215
-127.35219,52,194.17875
-110.68411,70,194.207267
-87.388435,103,194.269781
-104.29943,84,194.301294
-119.88539,83,194.333309
-100.56542,86,194.368323
-75.36657,153,194.407849
-103.35072,65,194.462376
-103.16202,76,194.503393
-114.92869,61,194.54593
-68.52845,182,194.590449
-100.469154,65,194.626014
-111.77315,73,194.659529
-87.74208,82,194.698052
-124.06957,65,194.698052
-109.20046,85,194.778166
-154.41829,49,194.80967
-114.76,60,194.859606
-206.36555,108,194.912615
-86.67438,79,194.949635
-113.522095,49,194.992154
-110.27635,104,195.028674
-100.362656,57,195.066682
-109.40706,52,195.106204
-104.72248,118,195.150209
-90.43895,155,195.196392
-120.79607,66,195.232407
-119.30896,64,195.268925
-105.24351,77,202.491887
-87.64255,86,202.538913
-100.86459,75,202.576434
-90.975685,122,202.650468
-74.406296,145,202.684488
-104.70228,87,202.765545
-75.32011,143,202.799062
-114.255295,132,202.867569
-89.54421,135,202.929192
-115.62374,83,202.996055
-174.64705,215,203.02908
-16.367596,232,203.072592
-98.68389,86,203.155632
-56.09928,222,203.23917
24.993586,239,203.28669
-76.41818,122,203.326717
9.55766,208,203.36022
-44.054825,202,203.42382
-113.860016,134,203.42382
-99.285774,154,203.458331
-53.807167,143,203.541888
-108.30345,53,203.571411
-122.53071,53,203.605957
-69.703094,139,203.688572
-52.65867,150,203.788626
-68.16271,175,203.826671
-115.48704,115,203.902708
-28.55663,224,203.902708
-104.08792,86,203.961242
-96.982765,77,204.052266
46.70544,283,204.138324
-137.03822,97,204.196345
-123.04896,67,204.276895
-18.291822,172,204.385973
-56.46571,151,204.454007
-81.38766,171,204.504041
82.023964,319,204.579061
-62.76383,116,204.617073
117.09999,330,204.668107
-81.85158,149,204.762663
-47.037003,150,204.837216
-98.769646,93,204.894729
-89.43551,133,204.982246
-103.6412,63,205.020748
-81.8099,100,205.069767
-34.064034,223,205.217801
54.299316,290,205.289325
79.950455,327,205.371854
-114.35717,69,205.41188
-22.253454,181,205.462398
-131.64676,41,205.518422
-81.78313,121,205.616979
-50.07116,244,205.659041
29.39843,316,205.713506
-75.22291,125,205.790047
228.9771,509,205.844585
-6.359188,217,205.996631
-59.976234,163,206.029653
175.938,447,206.088169
-71.27439,133,206.135177
37.738876,301,206.1817
-157.19821,69,206.236221
-121.134735,60,206.285746
20.348743,311,206.395318
-78.3908,117,206.442833
75.39037,328,206.512894
51.551105,309,206.568423
-133.93945,117,206.602438
-84.668076,92,206.679967
-108.99043,52,206.71399
60.092487,273,206.79757
-25.743536,216,206.849592
-35.07853,258,206.912128
-45.128487,144,206.996181
-63.199455,154,207.036704
-94.29648,85,207.095225
-75.31065,143,207.136874
-117.824875,67,207.229424
-70.19235,172,207.298871
46.933907,290,207.332987
7.2963448,241,207.408513
-26.515041,169,207.444033
-84.2799,118,207.494075
-90.17801,114,207.528584
-57.077988,166,207.585108
-96.35808,78,207.630118
-105.89534,55,207.675145
-49.456978,129,207.732815
-108.79443,63,207.772833
-32.076584,189,207.909949
-62.650753,126,207.947464
-72.37525,122,208.018002
-68.7414,188,208.057521
-52.72351,164,208.097037
-82.72206,162,208.133549
-100.0069,82,208.199087
-136.11176,62,208.246107
-98.95349,77,208.306132
-14.327039,216,215.004651
-103.13505,118,215.081719
-102.05435,118,215.142245
-136.99464,54,215.202266
-303.72528,202,215.262794
-42.704597,152,215.336816
-14.9106045,190,215.497407
-64.578125,152,215.541919
123.728065,372,215.654951
101.83818,323,215.784039
188.34131,432,216.093949
157.74374,436,216.260072
156.07224,442,216.505932
565.6752,935,216.63309
829.3573,1240,216.708127
-74.66001,132,216.800683
529.4901,896,217.066777
326.89764,594,217.124808
18.52769,262,217.160315
21.94323,256,217.226346
52.545494,336,217.41712
37.202187,249,217.580238
60.084015,273,217.623247
-91.15202,113,217.781863
1280.8252,1737,217.878925
-90.033745,91,217.951971
-56.110863,241,218.245611
